Workbook
Name Slicer_Discount_Category: #N/A
Name Slicer_Price_Category: #N/A
Name Slicer_Rating_Category: #N/A

Sheet Raw_Data
A1: Product | B1: Current price | C1: old price | D1: Discount | E1: Review | F1: Ratingd
A2: 115 Piece Set Of Multifunctional Precision Screwdrivers | B2: KSh 950 | C2: KSh 1,525 | D2: 0.38 | E2: -2 | F2: 4.5 out of 5
A3: Metal Decorative Hooks Key Hangers Entryway Wall Hooks Towel Hooks - Home | B3: KSh 527 | C3: KSh 999 | D3: 0.47 | E3: -14 | F3: 4.1 out of 5
A4: Portable Mini Cordless Car Vacuum Cleaner - Blue | B4: KSh 2,199 | C4: KSh 2,923 | D4: 0.25 | E4: -24 | F4: 4.6 out of 5
A5: Weighing Scale Digital Bathroom Body Fat Scale USB-Black | B5: KSh 1,580 | C5: KSh 2,499 | D5: 0.37 | E5: -7 | F5: 4.7 out of 5
A6: Portable Home Small Air Humidifier 3-Speed Fan - Green | B6: KSh 1,740 | C6: KSh 2,356 | D6: 0.26 | E6: -5 | F6: 4.8 out of 5
A7: 220V 60W Electric Soldering Iron Kits With Tools, Tips, And Multimeter | B7: KSh 2,999 | C7: KSh 3,290 | D7: 0.09 | E7: -15 | F7: 4 out of 5
A8: 137 Pieces Cake Decorating Tool Set Baking Supplies | B8: KSh 2,319 | C8: KSh 3,032 | D8: 0.24 | E8: -55 | F8: 4.6 out of 5
A9: Desk Foldable Fan Adjustable Fan Strong Wind 3 Gear Usb | B9: KSh 988 | C9: KSh 1,580 | D9: 0.37 | E9: -2 | F9: 4 out of 5
A10: LASA FOLDING TABLE SERVING STAND | B10: KSh 1,274 | C10: KSh 2,800 | D10: 0.55 | E10: -5 | F10: 4.8 out of 5
A11: 13 In 1 Home Repair Tools Box Kit Set | B11: KSh 1,600 | C11: KSh 2,929 | D11: 0.45 | E11: -5 | F11: 3.8 out of 5
A12: Genebre 115 In 1 Screwdriver Repairing Tool Set For IPhone Cellphone Hand Tool | B12: KSh 799 | C12: KSh 999 | D12: 0.2 | E12: -12 | F12: 4.1 out of 5
A13: 100 Pcs Crochet Hook Tool Set Knitting Hook Set With Box | B13: KSh 990 | C13: KSh 1,500 | D13: 0.34 | E13: -39 | F13: 4.7 out of 5
... A22: 3PCS Single Head Knitting Crochet Sweater Needle Set | B22: KSh 38 | C22: KSh 80 | D22: 0.53 | E22: -13 | F22: 3.3 out of 5
A23: 4pcs Bathroom/Kitchen Towel Rack,Roll Paper Holder,Towel Bars,Hook | B23: KSh 1,860 | C23: KSh 3,220 | D23: 0.42
A24: LED Romantic Spaceship Starry Sky Projector,Children's Bedroom Night Light-Blue | B24: KSh 880 | C24: KSh 1,350 | D24: 0.35 | E24: -6 | F24: 4 out of 5
A25: Foldable Overbed Table/Desk | B25: KSh 1,650 | C25: KSh 2,150 | D25: 0.23 | E25: -14 | F25: 4.4 out of 5
A26: LASA 3 Tier Bamboo Shoe Bench Storage Shelf | B26: KSh 2,048 | C26: KSh 4,500 | D26: 0.54 | E26: -7 | F26: 4.3 out of 5
A27: Electronic Digital Display Vernier Caliper | B27: KSh 420 | C27: KSh 647 | D27: 0.35 | E27: -49 | F27: 4.6 out of 5
A28: Portable Wardrobe Nonwoven With 3 Hanging Rods And 6 Storage Shelves | B28: KSh 2,880 | C28: KSh 3,520 | D28: 0.18 | E28: -12 | F28: 3.8 out of 5
A29: 12 Litre Black Insulated Lunch Box | B29: KSh 1,350 | C29: KSh 1,990 | D29: 0.32 | E29: -13 | F29: 3.8 out of 5
A30: 52 Pieces Cake Decorating Tool Set Gift Kit Baking Supplies | B30: KSh 1,758 | C30: KSh 2,499 | D30: 0.3 | E30: -20 | F30: 4.1 out of 5
A31: MultiFunctional Storage Rack Multi-layer Bookshelf | B31: KSh 2,200 | C31: KSh 4,080 | D31: 0.46
A32: Exfoliate And Exfoliate Face Towel - Black | B32: KSh 185 | C32: KSh 382 | D32: 0.52 | E32: -9 | F32: 4.3 out of 5
A33: 12 Litre Insulated Lunch Box Grey | B33: KSh 980 | C33: KSh 1,490 | D33: 0.34 | E33: -12 | F33: 4.7 out of 5
A34: LED Eye Protection Desk Lamp , Study, Reading, USB Fan - Double Pen Holder | B34: KSh 1,820 | C34: KSh 3,490 | D34: 0.48 | E34: -9 | F34: 4.3 out of 5
A35: 53Pcs/Set Yarn Knitting Crochet Hooks With Bag - Fortune Cat | B35: KSh 1,940 | C35: KSh 2,650 | D35: 0.27 | E35: -20 | F35: 4.7 out of 5
A36: 53 Pieces/Set Yarn Knitting Crochet Hooks With Bag - Pansies | B36: KSh 1,980 | C36: KSh 2,699 | D36: 0.27 | E36: -32 | F36: 4.5 out of 5
A37: DIY File Folder, Office Drawer File Holder, Pen Holder, Desktop Storage Rack | B37: KSh 1,620 | C37: KSh 2,690 | D37: 0.4 | E37: -1 | F37: 5 out of 5
A38: Classic Black Cat Cotton Hemp Pillow Case For Home Car | B38: KSh 171 | C38: KSh 360 | D38: 0.53 | E38: -2 | F38: 5 out of 5
A39: Punch-free Great Load Bearing Bathroom Storage Rack Wall Shelf-White | B39: KSh 389 | C39: KSh 656 | D39: 0.41 | E39: -36 | F39: 4.3 out of 5
A40: 1/2/3 Seater Elastic Sofa Cover,Living Room/Home Decor Chair Cover-Grey | B40: KSh 1,620 - KSh 1,980 | C40: KSh 2,200 - KSh 3,200 | D40: 0.38 | E40: -2 | F40: 4.5 out of 5
A41: LASA Stainless Steel Double Wall Mount Soap Dispenser - 500ml | B41: KSh 2,750 | C41: KSh 4,471 | D41: 0.38
A42: 4M Float Switch Water Level Controller -Water Tank | B42: KSh 475 | C42: KSh 931 | D42: 0.49
A43: Modern Sofa Throw Pillow Cover-45x45cm-Blue&Red | B43: KSh 238 | C43: KSh 476 | D43: 0.5
A44: Balloon Insert, Birthday Party Balloon Set, PU Leather | B44: KSh 610 | C44: KSh 1,060 | D44: 0.42
A45: Balloon Insert, Birthday Party Balloon Set, PU Leather | B45: KSh 610 | C45: KSh 1,060 | D45: 0.42
A46: Shower Cap Wide Elastic Band Cover Reusable Bashroom Cap | B46: KSh 2,132 | C46: KSh 2,169 | D46: 0.02
A47: Christmas Elk Fence Yard Lawn Decorations Cute For Holidays | B47: KSh 999 | C47: KSh 2,000 | D47: 0.5
A48: 60W Hot Melt Glue Sprayer - Efficient And Stable Glue Dispensing | B48: KSh 1,190 | C48: KSh 1,785 | D48: 0.33
A49: Car Phone Charging Stand | B49: KSh 671 | C49: KSh 1,316 | D49: 0.49
A50: 2pcs Solar Street Light Flood Light Outdoor | B50: KSh 1,200 | C50: KSh 1,950 | D50: 0.38
A51: Creative Owl Shape Keychain Black | B51: KSh 199 | C51: KSh 504 | D51: 0.61
A52: Brush & Paintbrush Cleaning Tool Pink | B52: KSh 299 | C52: KSh 600 | D52: 0.5
... A61: Simple Metal Dog Art Sculpture Decoration For Home Office | B61: KSh 399 | C61: KSh 896 | D61: 0.55
A62: 5 Pieces/set Of Stainless Steel Induction Cooker Pots | B62: KSh 2,170 | C62: KSh 2,500 | D62: 0.13 | E62: -6 | F62: 2.5 out of 5
A63: Mythco 120COB Solar Wall Ligt With Motion Sensor And Remote Control 3 Modes | B63: KSh 458 | C63: KSh 986 | D63: 0.54 | E63: -10 | F63: 3 out of 5
A64: 5-PCS Stainless Steel Cooking Pot Set With Steamed Slices | B64: KSh 2,115 | C64: KSh 4,700 | D64: 0.55 | E64: -13 | F64: 2.1 out of 5
A65: 120W Cordless Vacuum Cleaners Handheld Electric Vacuum Cleaner | B65: KSh 445 | C65: KSh 873 | D65: 0.49 | E65: -69 | F65: 2.8 out of 5
A66: Intelligent LED Body Sensor Wireless Lighting Night Light USB | B66: KSh 325 | C66: KSh 680 | D66: 0.52 | E66: -15 | F66: 2.7 out of 5
A67: VIC Wireless Vacuum Cleaner Dual Use For Home And Car 120W High Power Powerful | B67: KSh 1,220 | C67: KSh 1,555 | D67: 0.22 | E67: -16 | F67: 2.9 out of 5
A68: Artificial Potted Flowers Room Decorative Flowers (2 Pieces) | B68: KSh 990 | C68: KSh 1,814 | D68: 0.45 | E68: -6 | F68: 2.2 out of 5
A69: 380ML USB Rechargeable Portable Small Blenders And Juicers | B69: KSh 1,000 | C69: KSh 2,000 | D69: 0.5 | E69: -7 | F69: 2.3 out of 5
A70: 32PCS Portable Cordless Drill Set With Cyclic Battery Drive -26 Variable Speed | B70: KSh 3,750 | C70: KSh 6,143 | D70: 0.39 | E70: -5 | F70: 3 out of 5
A71: Agapeon Toothbrush Holder And Toothpaste Dispenser | B71: KSh 382 | C71: KSh 700 | D71: 0.45 | E71: -17 | F71: 2.6 out of 5
A72: Large Lazy Inflatable Sofa Chairs PVC Lounger Seat Bag | B72: KSh 2,300 | C72: KSh 3,240 | D72: 0.29 | E72: -5 | F72: 3 out of 5
A73: Watercolour Gold Foil Textured Print Pillow Cover | B73: KSh 345 | C73: KSh 602 | D73: 0.43 | E73: -6 | F73: 2.3 out of 5
... A76: Electric LED UV Mosquito Killer Lamp, Outdoor/Indoor Fly Killer Trap Light -USB | B76: KSh 1,570 | C76: KSh 2,988 | D76: 0.47 | E76: -7 | F76: 2.1 out of 5
A77: 2PCS/LOT Solar LED Outdoor Intelligent Light Controlled Wall Lamp | B77: KSh 790 | C77: KSh 1,485 | D77: 0.47
A78: 3PCS Rotary Scraper Thermomix For Kitchen | B78: KSh 690 | C78: KSh 1,200 | D78: 0.43
A79: Cushion Silicone Butt Cushion Summer Ice Cushion Honeycomb Gel Cushion | B79: KSh 1,732 | C79: KSh 1,799 | D79: 0.04
A80: 7PCS Silicone Thumb Knife Finger Protector Vegetable Harvesting Knife | B80: KSh 230 | C80: KSh 450 | D80: 0.49
A81: Memory Foam Neck Pillow Cover, With Pillow Core - 50*30cm | B81: KSh 1,189 | C81: KSh 2,199 | D81: 0.46 | E81: -1 | F81: 3 out of 5
A82: Bedroom Simple Floor Hanging Clothes Rack Single Pole Hat Rack - White | B82: KSh 979 | C82: KSh 1,920 | D82: 0.49 | E82: -1 | F82: 5 out of 5
A83: 5m Waterproof Spherical LED String Lights Outdoor Ball Chain Lights Party Lighting Decoration Adjustable | B83: KSh 1,460 | C83: KSh 2,290 | D83: 0.36
A84: 2 Pairs Cowhide Split Leather Work Gloves.32℉ Or Above Welding Gloves | B84: KSh 1,666 | C84: KSh 1,699 | D84: 0.02
A85: Household Pineapple Peeler Peeler | B85: KSh 330 | C85: KSh 647 | D85: 0.49 | E85: -1 | F85: 4 out of 5
A86: Balloon Insert, Birthday Party Balloon Set, PU Leather | B86: KSh 610 | C86: KSh 1,060 | D86: 0.42
A87: Creative Owl Shape Keychain Black | B87: KSh 176 | C87: KSh 345 | D87: 0.49
A88: Office Chair Lumbar Back Support Spine Posture Correction Pillow Car Cushion | B88: KSh 1,466 | C88: KSh 1,699 | D88: 0.14
A89: Cartoon Car Decoration Cute Individuality For Car Home Desk | B89: KSh 274 | C89: KSh 537 | D89: 0.49
A90: Outdoor Portable Water Bottle With Medicine Box - 600ML - Black | B90: KSh 799 | C90: KSh 900 | D90: 0.11
A91: Angle Measuring Tool Full Metal Multi Angle Measuring Tool | B91: KSh 657 | C91: KSh 1,288 | D91: 0.49
A92: Wall-Mounted Toothbrush Toothpaste Holder With Multiple Slots | B92: KSh 1,468 | C92: KSh 1,699 | D92: 0.14
A93: Multifunctional Hanging Storage Box Storage Bag (4 Layers) | B93: KSh 630 | C93: KSh 1,100 | D93: 0.43
A94: Wall Clock With Hidden Safe Box | B94: KSh 850 | C94: KSh 1,700 | D94: 0.5
A95: Portable Wine Table With Folding Round Table | B95: KSh 1,300 | C95: KSh 2,500 | D95: 0.48
A96: Sewing Machine Needle Threader Stitch Insertion Tool Automatic Quick Sewing | B96: KSh 105 | C96: KSh 200 | D96: 0.48
A97: 6 Layers Steel Pipe Assembling Dustproof Storage Shoe Cabinet | B97: KSh 899 | C97: KSh 1,699 | D97: 0.47
... A105: 8in1 Screwdriver With LED Light | B105: KSh 1,080 | C105: KSh 1,874 | D105: 0.42
A106: Konka Healty Electric Kettle, 24-hour Heat Preservation,1.5L,800W, White | B106: KSh 3,640 | C106: KSh 4,588 | D106: 0.21 | E106: -1 | F106: 5 out of 5
A107: 9pcs Gas Mask, For Painting, Dust, Formaldehyde Grinding, Polishing | B107: KSh 1,420 | C107: KSh 2,420 | D107: 0.41
A108: 24 Grid Wall-mounted Sundries Organiser Fabric Closet Bag Storage Rack | B108: KSh 1,875 | C108: KSh 1,899 | D108: 0.01
A109: 1PC Refrigerator Food Seal Pocket Fridge Bags | B109: KSh 198 | C109: KSh 260 | D109: 0.24
A110: LED Solar Street Light-fake Camera | B110: KSh 1,150 | C110: KSh 1,737 | D110: 0.34
A111: Cartoon Embroidered Mini Towel Bear Cotton Wash Cloth Hand 4pcs | B111: KSh 1,190 | C111: KSh 1,810 | D111: 0.34
A112: Shower Nozzle Cleaning Unclogging Needle Mini Crevice Small Hole Cleaning Brush | B112: KSh 1,658 | C112: KSh 1,699 | D112: 0.02
A113: Thickening Multipurpose Non Stick Easy To Clean Heat Resistant Spoon Pad | B113: KSh 1,768 | C113: KSh 1,799 | D113: 0.02
A114: 6 In 1 Bottle Can Opener Multifunctional Easy Opener | B114: KSh 199 | C114: KSh 553 | D114: 0.64
A115: Wall-mounted Sticker Punch-free Plug Fixer | B115: KSh 450 | C115: KSh 900 | D115: 0.5 | E115: -1 | F115: 2 out of 5
A116: Black Simple Water Cup Wine Coaster Anti Slip Absorbent | B116: KSh 169 | C116: KSh 320 | D116: 0.47

Sheet Cleaned_Data
A1: Product | B1: Current Price | C1: Old Price | D1: Price Category | E1: Discount Amount | F1: Discount | G1: Discount Category | H1: Review | I1: Rating | J1: Rating Category
A2: 6 In 1 Bottle Can Opener Multifunctional Easy Opener | B2: 199 | C2: 553 | D2: =IF(Excel_jumia_dataset3[[#This Row],[Current Price]]="","Missing",IF(Excel_jumia_dataset3[[#This Row],[Current Price]]<Data_Analysis!$B$21,"Low Price",IF(Excel_jumia_dataset3[[#This Row],[Current Price]]<Data_Analysis!$B$22,"Medium Price","High Price"))) -> Low Price | E2: =Excel_jumia_dataset3[[#This Row],[Old Price]]-Excel_jumia_dataset3[[#This Row],[Current Price]] -> 354 | F2: 0.64 | G2: =IF(F2<20%,"Low Discount",IF(F2<=40%,"Medium Discount", "High Discount")) -> High Discount | J2: Not Provided
A3: Creative Owl Shape Keychain Black | B3: 199 | C3: 504 | D3: =IF(Excel_jumia_dataset3[[#This Row],[Current Price]]="","Missing",IF(Excel_jumia_dataset3[[#This Row],[Current Price]]<Data_Analysis!$B$21,"Low Price",IF(Excel_jumia_dataset3[[#This Row],[Current Price]]<Data_Analysis!$B$22,"Medium Price","High Price"))) -> Low Price | E3: =Excel_jumia_dataset3[[#This Row],[Old Price]]-Excel_jumia_dataset3[[#This Row],[Current Price]] -> 305 | F3: 0.61 | G3: =IF(F3<20%,"Low Discount",IF(F3<=40%,"Medium Discount", "High Discount")) -> High Discount | J3: Not Provided
A4: Simple Metal Dog Art Sculpture Decoration For Home Office | B4: 399 | C4: 896 | D4: =IF(Excel_jumia_dataset3[[#This Row],[Current Price]]="","Missing",IF(Excel_jumia_dataset3[[#This Row],[Current Price]]<Data_Analysis!$B$21,"Low Price",IF(Excel_jumia_dataset3[[#This Row],[Current Price]]<Data_Analysis!$B$22,"Medium Price","High Price"))) -> Low Price | E4: =Excel_jumia_dataset3[[#This Row],[Old Price]]-Excel_jumia_dataset3[[#This Row],[Current Price]] -> 497 | F4: 0.55 | G4: =IF(F4<20%,"Low Discount",IF(F4<=40%,"Medium Discount", "High Discount")) -> High Discount | J4: Not Provided
A5: 2PCS Ice Silk Square Cushion Cover Pillowcases - 65x65cm | B5: 1200 | C5: 2400 | D5: =IF(Excel_jumia_dataset3[[#This Row],[Current Price]]="","Missing",IF(Excel_jumia_dataset3[[#This Row],[Current Price]]<Data_Analysis!$B$21,"Low Price",IF(Excel_jumia_dataset3[[#This Row],[Current Price]]<Data_Analysis!$B$22,"Medium Price","High Price"))) -> Medium Price | E5: =Excel_jumia_dataset3[[#This Row],[Old Price]]-Excel_jumia_dataset3[[#This Row],[Current Price]] -> 1200 | F5: 0.5 | G5: =IF(F5<20%,"Low Discount",IF(F5<=40%,"Medium Discount", "High Discount")) -> High Discount | J5: Not Provided
A6: Christmas Elk Fence Yard Lawn Decorations Cute For Holidays | B6: 999 | C6: 2000 | D6: =IF(Excel_jumia_dataset3[[#This Row],[Current Price]]="","Missing",IF(Excel_jumia_dataset3[[#This Row],[Current Price]]<Data_Analysis!$B$21,"Low Price",IF(Excel_jumia_dataset3[[#This Row],[Current Price]]<Data_Analysis!$B$22,"Medium Price","High Price"))) -> Medium Price | E6: =Excel_jumia_dataset3[[#This Row],[Old Price]]-Excel_jumia_dataset3[[#This Row],[Current Price]] -> 1001 | F6: 0.5 | G6: =IF(F6<20%,"Low Discount",IF(F6<=40%,"Medium Discount", "High Discount")) -> High Discount | J6: Not Provided
A7: Wall Clock With Hidden Safe Box | B7: 850 | C7: 1700 | D7: =IF(Excel_jumia_dataset3[[#This Row],[Current Price]]="","Missing",IF(Excel_jumia_dataset3[[#This Row],[Current Price]]<Data_Analysis!$B$21,"Low Price",IF(Excel_jumia_dataset3[[#This Row],[Current Price]]<Data_Analysis!$B$22,"Medium Price","High Price"))) -> Medium Price | E7: =Excel_jumia_dataset3[[#This Row],[Old Price]]-Excel_jumia_dataset3[[#This Row],[Current Price]] -> 850 | F7: 0.5 | G7: =IF(F7<20%,"Low Discount",IF(F7<=40%,"Medium Discount", "High Discount")) -> High Discount | J7: Not Provided
A8: Brush & Paintbrush Cleaning Tool Pink | B8: 299 | C8: 600 | D8: =IF(Excel_jumia_dataset3[[#This Row],[Current Price]]="","Missing",IF(Excel_jumia_dataset3[[#This Row],[Current Price]]<Data_Analysis!$B$21,"Low Price",IF(Excel_jumia_dataset3[[#This Row],[Current Price]]<Data_Analysis!$B$22,"Medium Price","High Price"))) -> Low Price | E8: =Excel_jumia_dataset3[[#This Row],[Old Price]]-Excel_jumia_dataset3[[#This Row],[Current Price]] -> 301 | F8: 0.5 | G8: =IF(F8<20%,"Low Discount",IF(F8<=40%,"Medium Discount", "High Discount")) -> High Discount | J8: Not Provided
A9: Modern Sofa Throw Pillow Cover-45x45cm-Blue&Red | B9: 238 | C9: 476 | D9: =IF(Excel_jumia_dataset3[[#This Row],[Current Price]]="","Missing",IF(Excel_jumia_dataset3[[#This Row],[Current Price]]<Data_Analysis!$B$21,"Low Price",IF(Excel_jumia_dataset3[[#This Row],[Current Price]]<Data_Analysis!$B$22,"Medium Price","High Price"))) -> Low Price | E9: =Excel_jumia_dataset3[[#This Row],[Old Price]]-Excel_jumia_dataset3[[#This Row],[Current Price]] -> 238 | F9: 0.5 | G9: =IF(F9<20%,"Low Discount",IF(F9<=40%,"Medium Discount", "High Discount")) -> High Discount | J9: Not Provided
A10: Angle Measuring Tool Full Metal Multi Angle Measuring Tool | B10: 799 | C10: 1567 | D10: =IF(Excel_jumia_dataset3[[#This Row],[Current Price]]="","Missing",IF(Excel_jumia_dataset3[[#This Row],[Current Price]]<Data_Analysis!$B$21,"Low Price",IF(Excel_jumia_dataset3[[#This Row],[Current Price]]<Data_Analysis!$B$22,"Medium Price","High Price"))) -> Medium Price | E10: =Excel_jumia_dataset3[[#This Row],[Old Price]]-Excel_jumia_dataset3[[#This Row],[Current Price]] -> 768 | F10: 0.49 | G10: =IF(F10<20%,"Low Discount",IF(F10<=40%,"Medium Discount", "High Discount")) -> High Discount | J10: Not Provided
A11: Car Phone Charging Stand | B11: 671 | C11: 1316 | D11: =IF(Excel_jumia_dataset3[[#This Row],[Current Price]]="","Missing",IF(Excel_jumia_dataset3[[#This Row],[Current Price]]<Data_Analysis!$B$21,"Low Price",IF(Excel_jumia_dataset3[[#This Row],[Current Price]]<Data_Analysis!$B$22,"Medium Price","High Price"))) -> Medium Price | E11: =Excel_jumia_dataset3[[#This Row],[Old Price]]-Excel_jumia_dataset3[[#This Row],[Current Price]] -> 645 | F11: 0.49 | G11: =IF(F11<20%,"Low Discount",IF(F11<=40%,"Medium Discount", "High Discount")) -> High Discount | J11: Not Provided
A12: Angle Measuring Tool Full Metal Multi Angle Measuring Tool | B12: 657 | C12: 1288 | D12: =IF(Excel_jumia_dataset3[[#This Row],[Current Price]]="","Missing",IF(Excel_jumia_dataset3[[#This Row],[Current Price]]<Data_Analysis!$B$21,"Low Price",IF(Excel_jumia_dataset3[[#This Row],[Current Price]]<Data_Analysis!$B$22,"Medium Price","High Price"))) -> Medium Price | E12: =Excel_jumia_dataset3[[#This Row],[Old Price]]-Excel_jumia_dataset3[[#This Row],[Current Price]] -> 631 | F12: 0.49 | G12: =IF(F12<20%,"Low Discount",IF(F12<=40%,"Medium Discount", "High Discount")) -> High Discount | J12: Not Provided
A13: 220V 60W Electric Soldering Iron Kits With Tools, Tips, And Multimeter | B13: 2999 | C13: 3290 | D13: =IF(Excel_jumia_dataset3[[#This Row],[Current Price]]="","Missing",IF(Excel_jumia_dataset3[[#This Row],[Current Price]]<Data_Analysis!$B$21,"Low Price",IF(Excel_jumia_dataset3[[#This Row],[Current Price]]<Data_Analysis!$B$22,"Medium Price","High Price"))) -> High Price | E13: =Excel_jumia_dataset3[[#This Row],[Old Price]]-Excel_jumia_dataset3[[#This Row],[Current Price]] -> 291 | F13: 0.09 | G13: =IF(F13<20%,"Low Discount",IF(F13<=40%,"Medium Discount", "High Discount")) -> Low Discount | H13: 15 | I13: 4 | J13: =IF(ISBLANK(I13),"",IF(I13<3,"Poor",IF(I13>=4.5,"Excellent","Average"))) -> Average
A14: Baby Early Education Shape And Color Cognitive Training Toys | B14: 525 | C14: 1029 | D14: =IF(Excel_jumia_dataset3[[#This Row],[Current Price]]="","Missing",IF(Excel_jumia_dataset3[[#This Row],[Current Price]]<Data_Analysis!$B$21,"Low Price",IF(Excel_jumia_dataset3[[#This Row],[Current Price]]<Data_Analysis!$B$22,"Medium Price","High Price"))) -> Medium Price | E14: =Excel_jumia_dataset3[[#This Row],[Old Price]]-Excel_jumia_dataset3[[#This Row],[Current Price]] -> 504 | F14: 0.49 | G14: =IF(F14<20%,"Low Discount",IF(F14<=40%,"Medium Discount", "High Discount")) -> High Discount | J14: Not Provided
A15: 5 Pieces/set Of Stainless Steel Induction Cooker Pots | B15: 2170 | C15: 2500 | D15: =IF(Excel_jumia_dataset3[[#This Row],[Current Price]]="","Missing",IF(Excel_jumia_dataset3[[#This Row],[Current Price]]<Data_Analysis!$B$21,"Low Price",IF(Excel_jumia_dataset3[[#This Row],[Current Price]]<Data_Analysis!$B$22,"Medium Price","High Price"))) -> High Price | E15: =Excel_jumia_dataset3[[#This Row],[Old Price]]-Excel_jumia_dataset3[[#This Row],[Current Price]] -> 330 | F15: 0.13 | G15: =IF(F15<20%,"Low Discount",IF(F15<=40%,"Medium Discount", "High Discount")) -> Low Discount | H15: 6 | I15: 2.5 | J15: =IF(ISBLANK(I15),"",IF(I15<3,"Poor",IF(I15>=4.5,"Excellent","Average"))) -> Poor
A16: 4M Float Switch Water Level Controller -Water Tank | B16: 475 | C16: 931 | D16: =IF(Excel_jumia_dataset3[[#This Row],[Current Price]]="","Missing",IF(Excel_jumia_dataset3[[#This Row],[Current Price]]<Data_Analysis!$B$21,"Low Price",IF(Excel_jumia_dataset3[[#This Row],[Current Price]]<Data_Analysis!$B$22,"Medium Price","High Price"))) -> Low Price | E16: =Excel_jumia_dataset3[[#This Row],[Old Price]]-Excel_jumia_dataset3[[#This Row],[Current Price]] -> 456 | F16: 0.49 | G16: =IF(F16<20%,"Low Discount",IF(F16<=40%,"Medium Discount", "High Discount")) -> High Discount | J16: Not Provided
A17: Cartoon Car Decoration Cute Individuality For Car Home Desk | B17: 274 | C17: 537 | D17: =IF(Excel_jumia_dataset3[[#This Row],[Current Price]]="","Missing",IF(Excel_jumia_dataset3[[#This Row],[Current Price]]<Data_Analysis!$B$21,"Low Price",IF(Excel_jumia_dataset3[[#This Row],[Current Price]]<Data_Analysis!$B$22,"Medium Price","High Price"))) -> Low Price | E17: =Excel_jumia_dataset3[[#This Row],[Old Price]]-Excel_jumia_dataset3[[#This Row],[Current Price]] -> 263 | F17: 0.49 | G17: =IF(F17<20%,"Low Discount",IF(F17<=40%,"Medium Discount", "High Discount")) -> High Discount | J17: Not Provided
A18: Portable Wardrobe Nonwoven With 3 Hanging Rods And 6 Storage Shelves | B18: 2880 | C18: 3520 | D18: =IF(Excel_jumia_dataset3[[#This Row],[Current Price]]="","Missing",IF(Excel_jumia_dataset3[[#This Row],[Current Price]]<Data_Analysis!$B$21,"Low Price",IF(Excel_jumia_dataset3[[#This Row],[Current Price]]<Data_Analysis!$B$22,"Medium Price","High Price"))) -> High Price | E18: =Excel_jumia_dataset3[[#This Row],[Old Price]]-Excel_jumia_dataset3[[#This Row],[Current Price]] -> 640 | F18: 0.18 | G18: =IF(F18<20%,"Low Discount",IF(F18<=40%,"Medium Discount", "High Discount")) -> Low Discount | H18: 12 | I18: 3.8 | J18: =IF(ISBLANK(I18),"",IF(I18<3,"Poor",IF(I18>=4.5,"Excellent","Average"))) -> Average
A19: LED Wall Digital Alarm Clock Study Home 12 / 24H Clock Calendar | B19: 2999 | C19: 3699 | D19: =IF(Excel_jumia_dataset3[[#This Row],[Current Price]]="","Missing",IF(Excel_jumia_dataset3[[#This Row],[Current Price]]<Data_Analysis!$B$21,"Low Price",IF(Excel_jumia_dataset3[[#This Row],[Current Price]]<Data_Analysis!$B$22,"Medium Price","High Price"))) -> High Price | E19: =Excel_jumia_dataset3[[#This Row],[Old Price]]-Excel_jumia_dataset3[[#This Row],[Current Price]] -> 700 | F19: 0.19 | G19: =IF(F19<20%,"Low Discount",IF(F19<=40%,"Medium Discount", "High Discount")) -> Low Discount | H19: 5 | I19: 4.6 | J19: =IF(ISBLANK(I19),"",IF(I19<3,"Poor",IF(I19>=4.5,"Excellent","Average"))) -> Excellent
A20: Genebre 115 In 1 Screwdriver Repairing Tool Set For IPhone Cellphone Hand Tool | B20: 799 | C20: 999 | D20: =IF(Excel_jumia_dataset3[[#This Row],[Current Price]]="","Missing",IF(Excel_jumia_dataset3[[#This Row],[Current Price]]<Data_Analysis!$B$21,"Low Price",IF(Excel_jumia_dataset3[[#This Row],[Current Price]]<Data_Analysis!$B$22,"Medium Price","High Price"))) -> Medium Price | E20: =Excel_jumia_dataset3[[#This Row],[Old Price]]-Excel_jumia_dataset3[[#This Row],[Current Price]] -> 200 | F20: 0.2 | G20: =IF(F20<20%,"Low Discount",IF(F20<=40%,"Medium Discount", "High Discount")) -> Medium Discount | H20: 12 | I20: 4.1 | J20: =IF(ISBLANK(I20),"",IF(I20<3,"Poor",IF(I20>=4.5,"Excellent","Average"))) -> Average
A21: Konka Healty Electric Kettle, 24-hour Heat Preservation,1.5L,800W, White | B21: 3640 | C21: 4588 | D21: =IF(Excel_jumia_dataset3[[#This Row],[Current Price]]="","Missing",IF(Excel_jumia_dataset3[[#This Row],[Current Price]]<Data_Analysis!$B$21,"Low Price",IF(Excel_jumia_dataset3[[#This Row],[Current Price]]<Data_Analysis!$B$22,"Medium Price","High Price"))) -> High Price | E21: =Excel_jumia_dataset3[[#This Row],[Old Price]]-Excel_jumia_dataset3[[#This Row],[Current Price]] -> 948 | F21: 0.21 | G21: =IF(F21<20%,"Low Discount",IF(F21<=40%,"Medium Discount", "High Discount")) -> Medium Discount | H21: 1 | I21: 5 | J21: =IF(ISBLANK(I21),"",IF(I21<3,"Poor",IF(I21>=4.5,"Excellent","Average"))) -> Excellent
A22: VIC Wireless Vacuum Cleaner Dual Use For Home And Car 120W High Power Powerful | B22: 1220 | C22: 1555 | D22: =IF(Excel_jumia_dataset3[[#This Row],[Current Price]]="","Missing",IF(Excel_jumia_dataset3[[#This Row],[Current Price]]<Data_Analysis!$B$21,"Low Price",IF(Excel_jumia_dataset3[[#This Row],[Current Price]]<Data_Analysis!$B$22,"Medium Price","High Price"))) -> Medium Price | E22: =Excel_jumia_dataset3[[#This Row],[Old Price]]-Excel_jumia_dataset3[[#This Row],[Current Price]] -> 335 | F22: 0.22 | G22: =IF(F22<20%,"Low Discount",IF(F22<=40%,"Medium Discount", "High Discount")) -> Medium Discount | H22: 16 | I22: 2.9 | J22: =IF(ISBLANK(I22),"",IF(I22<3,"Poor",IF(I22>=4.5,"Excellent","Average"))) -> Poor
A23: 4 Piece Coloured Stainless Steel Kitchenware Set | B23: 248 | C23: 486 | D23: =IF(Excel_jumia_dataset3[[#This Row],[Current Price]]="","Missing",IF(Excel_jumia_dataset3[[#This Row],[Current Price]]<Data_Analysis!$B$21,"Low Price",IF(Excel_jumia_dataset3[[#This Row],[Current Price]]<Data_Analysis!$B$22,"Medium Price","High Price"))) -> Low Price | E23: =Excel_jumia_dataset3[[#This Row],[Old Price]]-Excel_jumia_dataset3[[#This Row],[Current Price]] -> 238 | F23: 0.49 | G23: =IF(F23<20%,"Low Discount",IF(F23<=40%,"Medium Discount", "High Discount")) -> High Discount | J23: Not Provided
A24: Foldable Overbed Table/Desk | B24: 1650 | C24: 2150 | D24: =IF(Excel_jumia_dataset3[[#This Row],[Current Price]]="","Missing",IF(Excel_jumia_dataset3[[#This Row],[Current Price]]<Data_Analysis!$B$21,"Low Price",IF(Excel_jumia_dataset3[[#This Row],[Current Price]]<Data_Analysis!$B$22,"Medium Price","High Price"))) -> Medium Price | E24: =Excel_jumia_dataset3[[#This Row],[Old Price]]-Excel_jumia_dataset3[[#This Row],[Current Price]] -> 500 | F24: 0.23 | G24: =IF(F24<20%,"Low Discount",IF(F24<=40%,"Medium Discount", "High Discount")) -> Medium Discount | H24: 14 | I24: 4.4 | J24: =IF(ISBLANK(I24),"",IF(I24<3,"Poor",IF(I24>=4.5,"Excellent","Average"))) -> Average
A25: 137 Pieces Cake Decorating Tool Set Baking Supplies | B25: 2319 | C25: 3032 | D25: =IF(Excel_jumia_dataset3[[#This Row],[Current Price]]="","Missing",IF(Excel_jumia_dataset3[[#This Row],[Current Price]]<Data_Analysis!$B$21,"Low Price",IF(Excel_jumia_dataset3[[#This Row],[Current Price]]<Data_Analysis!$B$22,"Medium Price","High Price"))) -> High Price | E25: =Excel_jumia_dataset3[[#This Row],[Old Price]]-Excel_jumia_dataset3[[#This Row],[Current Price]] -> 713 | F25: 0.24 | G25: =IF(F25<20%,"Low Discount",IF(F25<=40%,"Medium Discount", "High Discount")) -> Medium Discount | H25: 55 | I25: 4.6 | J25: =IF(ISBLANK(I25),"",IF(I25<3,"Poor",IF(I25>=4.5,"Excellent","Average"))) -> Excellent
A26: 7PCS Silicone Thumb Knife Finger Protector Vegetable Harvesting Knife | B26: 230 | C26: 450 | D26: =IF(Excel_jumia_dataset3[[#This Row],[Current Price]]="","Missing",IF(Excel_jumia_dataset3[[#This Row],[Current Price]]<Data_Analysis!$B$21,"Low Price",IF(Excel_jumia_dataset3[[#This Row],[Current Price]]<Data_Analysis!$B$22,"Medium Price","High Price"))) -> Low Price | E26: =Excel_jumia_dataset3[[#This Row],[Old Price]]-Excel_jumia_dataset3[[#This Row],[Current Price]] -> 220 | F26: 0.49 | G26: =IF(F26<20%,"Low Discount",IF(F26<=40%,"Medium Discount", "High Discount")) -> High Discount | J26: Not Provided
A27: Portable Mini Cordless Car Vacuum Cleaner - Blue | B27: 2199 | C27: 2923 | D27: =IF(Excel_jumia_dataset3[[#This Row],[Current Price]]="","Missing",IF(Excel_jumia_dataset3[[#This Row],[Current Price]]<Data_Analysis!$B$21,"Low Price",IF(Excel_jumia_dataset3[[#This Row],[Current Price]]<Data_Analysis!$B$22,"Medium Price","High Price"))) -> High Price | E27: =Excel_jumia_dataset3[[#This Row],[Old Price]]-Excel_jumia_dataset3[[#This Row],[Current Price]] -> 724 | F27: 0.25 | G27: =IF(F27<20%,"Low Discount",IF(F27<=40%,"Medium Discount", "High Discount")) -> Medium Discount | H27: 24 | I27: 4.6 | J27: =IF(ISBLANK(I27),"",IF(I27<3,"Poor",IF(I27>=4.5,"Excellent","Average"))) -> Excellent
A28: Portable Home Small Air Humidifier 3-Speed Fan - Green | B28: 1740 | C28: 2356 | D28: =IF(Excel_jumia_dataset3[[#This Row],[Current Price]]="","Missing",IF(Excel_jumia_dataset3[[#This Row],[Current Price]]<Data_Analysis!$B$21,"Low Price",IF(Excel_jumia_dataset3[[#This Row],[Current Price]]<Data_Analysis!$B$22,"Medium Price","High Price"))) -> High Price | E28: =Excel_jumia_dataset3[[#This Row],[Old Price]]-Excel_jumia_dataset3[[#This Row],[Current Price]] -> 616 | F28: 0.26 | G28: =IF(F28<20%,"Low Discount",IF(F28<=40%,"Medium Discount", "High Discount")) -> Medium Discount | H28: 5 | I28: 4.8 | J28: =IF(ISBLANK(I28),"",IF(I28<3,"Poor",IF(I28>=4.5,"Excellent","Average"))) -> Excellent
A29: Creative Owl Shape Keychain Black | B29: 176 | C29: 345 | D29: =IF(Excel_jumia_dataset3[[#This Row],[Current Price]]="","Missing",IF(Excel_jumia_dataset3[[#This Row],[Current Price]]<Data_Analysis!$B$21,"Low Price",IF(Excel_jumia_dataset3[[#This Row],[Current Price]]<Data_Analysis!$B$22,"Medium Price","High Price"))) -> Low Price | E29: =Excel_jumia_dataset3[[#This Row],[Old Price]]-Excel_jumia_dataset3[[#This Row],[Current Price]] -> 169 | F29: 0.49 | G29: =IF(F29<20%,"Low Discount",IF(F29<=40%,"Medium Discount", "High Discount")) -> High Discount | J29: Not Provided
A30: 53 Pieces/Set Yarn Knitting Crochet Hooks With Bag - Pansies | B30: 1980 | C30: 2699 | D30: =IF(Excel_jumia_dataset3[[#This Row],[Current Price]]="","Missing",IF(Excel_jumia_dataset3[[#This Row],[Current Price]]<Data_Analysis!$B$21,"Low Price",IF(Excel_jumia_dataset3[[#This Row],[Current Price]]<Data_Analysis!$B$22,"Medium Price","High Price"))) -> High Price | E30: =Excel_jumia_dataset3[[#This Row],[Old Price]]-Excel_jumia_dataset3[[#This Row],[Current Price]] -> 719 | F30: 0.27 | G30: =IF(F30<20%,"Low Discount",IF(F30<=40%,"Medium Discount", "High Discount")) -> Medium Discount | H30: 32 | I30: 4.5 | J30: =IF(ISBLANK(I30),"",IF(I30<3,"Poor",IF(I30>=4.5,"Excellent","Average"))) -> Excellent
A31: 53Pcs/Set Yarn Knitting Crochet Hooks With Bag - Fortune Cat | B31: 1940 | C31: 2650 | D31: =IF(Excel_jumia_dataset3[[#This Row],[Current Price]]="","Missing",IF(Excel_jumia_dataset3[[#This Row],[Current Price]]<Data_Analysis!$B$21,"Low Price",IF(Excel_jumia_dataset3[[#This Row],[Current Price]]<Data_Analysis!$B$22,"Medium Price","High Price"))) -> High Price | E31: =Excel_jumia_dataset3[[#This Row],[Old Price]]-Excel_jumia_dataset3[[#This Row],[Current Price]] -> 710 | F31: 0.27 | G31: =IF(F31<20%,"Low Discount",IF(F31<=40%,"Medium Discount", "High Discount")) -> Medium Discount | H31: 20 | I31: 4.7 | J31: =IF(ISBLANK(I31),"",IF(I31<3,"Poor",IF(I31>=4.5,"Excellent","Average"))) -> Excellent
A32: Large Lazy Inflatable Sofa Chairs PVC Lounger Seat Bag | B32: 2300 | C32: 3240 | D32: =IF(Excel_jumia_dataset3[[#This Row],[Current Price]]="","Missing",IF(Excel_jumia_dataset3[[#This Row],[Current Price]]<Data_Analysis!$B$21,"Low Price",IF(Excel_jumia_dataset3[[#This Row],[Current Price]]<Data_Analysis!$B$22,"Medium Price","High Price"))) -> High Price | E32: =Excel_jumia_dataset3[[#This Row],[Old Price]]-Excel_jumia_dataset3[[#This Row],[Current Price]] -> 940 | F32: 0.29 | G32: =IF(F32<20%,"Low Discount",IF(F32<=40%,"Medium Discount", "High Discount")) -> Medium Discount | H32: 5 | I32: 3 | J32: =IF(ISBLANK(I32),"",IF(I32<3,"Poor",IF(I32>=4.5,"Excellent","Average"))) -> Average
A33: 52 Pieces Cake Decorating Tool Set Gift Kit Baking Supplies | B33: 1758 | C33: 2499 | D33: =IF(Excel_jumia_dataset3[[#This Row],[Current Price]]="","Missing",IF(Excel_jumia_dataset3[[#This Row],[Current Price]]<Data_Analysis!$B$21,"Low Price",IF(Excel_jumia_dataset3[[#This Row],[Current Price]]<Data_Analysis!$B$22,"Medium Price","High Price"))) -> High Price | E33: =Excel_jumia_dataset3[[#This Row],[Old Price]]-Excel_jumia_dataset3[[#This Row],[Current Price]] -> 741 | F33: 0.3 | G33: =IF(F33<20%,"Low Discount",IF(F33<=40%,"Medium Discount", "High Discount")) -> Medium Discount | H33: 20 | I33: 4.1 | J33: =IF(ISBLANK(I33),"",IF(I33<3,"Poor",IF(I33>=4.5,"Excellent","Average"))) -> Average
A34: 12 Litre Black Insulated Lunch Box | B34: 1350 | C34: 1990 | D34: =IF(Excel_jumia_dataset3[[#This Row],[Current Price]]="","Missing",IF(Excel_jumia_dataset3[[#This Row],[Current Price]]<Data_Analysis!$B$21,"Low Price",IF(Excel_jumia_dataset3[[#This Row],[Current Price]]<Data_Analysis!$B$22,"Medium Price","High Price"))) -> Medium Price | E34: =Excel_jumia_dataset3[[#This Row],[Old Price]]-Excel_jumia_dataset3[[#This Row],[Current Price]] -> 640 | F34: 0.32 | G34: =IF(F34<20%,"Low Discount",IF(F34<=40%,"Medium Discount", "High Discount")) -> Medium Discount | H34: 13 | I34: 3.8 | J34: =IF(ISBLANK(I34),"",IF(I34<3,"Poor",IF(I34>=4.5,"Excellent","Average"))) -> Average
A35: Multifunction Laser Level With Adjustment Tripod | B35: 1680 | C35: 2499 | D35: =IF(Excel_jumia_dataset3[[#This Row],[Current Price]]="","Missing",IF(Excel_jumia_dataset3[[#This Row],[Current Price]]<Data_Analysis!$B$21,"Low Price",IF(Excel_jumia_dataset3[[#This Row],[Current Price]]<Data_Analysis!$B$22,"Medium Price","High Price"))) -> High Price | E35: =Excel_jumia_dataset3[[#This Row],[Old Price]]-Excel_jumia_dataset3[[#This Row],[Current Price]] -> 819 | F35: 0.33 | G35: =IF(F35<20%,"Low Discount",IF(F35<=40%,"Medium Discount", "High Discount")) -> Medium Discount | H35: 9 | I35: 4.2 | J35: =IF(ISBLANK(I35),"",IF(I35<3,"Poor",IF(I35>=4.5,"Excellent","Average"))) -> Average
A36: Portable Wine Table With Folding Round Table | B36: 1300 | C36: 2500 | D36: =IF(Excel_jumia_dataset3[[#This Row],[Current Price]]="","Missing",IF(Excel_jumia_dataset3[[#This Row],[Current Price]]<Data_Analysis!$B$21,"Low Price",IF(Excel_jumia_dataset3[[#This Row],[Current Price]]<Data_Analysis!$B$22,"Medium Price","High Price"))) -> Medium Price | E36: =Excel_jumia_dataset3[[#This Row],[Old Price]]-Excel_jumia_dataset3[[#This Row],[Current Price]] -> 1200 | F36: 0.48 | G36: =IF(F36<20%,"Low Discount",IF(F36<=40%,"Medium Discount", "High Discount")) -> High Discount | J36: Not Provided
A37: Christmas Fence Garden Decorations Outdoor For Holiday Home | B37: 699 | C37: 1343 | D37: =IF(Excel_jumia_dataset3[[#This Row],[Current Price]]="","Missing",IF(Excel_jumia_dataset3[[#This Row],[Current Price]]<Data_Analysis!$B$21,"Low Price",IF(Excel_jumia_dataset3[[#This Row],[Current Price]]<Data_Analysis!$B$22,"Medium Price","High Price"))) -> Medium Price | E37: =Excel_jumia_dataset3[[#This Row],[Old Price]]-Excel_jumia_dataset3[[#This Row],[Current Price]] -> 644 | F37: 0.48 | G37: =IF(F37<20%,"Low Discount",IF(F37<=40%,"Medium Discount", "High Discount")) -> High Discount | J37: Not Provided
A38: Sewing Machine Needle Threader Stitch Insertion Tool Automatic Quick Sewing | B38: 105 | C38: 200 | D38: =IF(Excel_jumia_dataset3[[#This Row],[Current Price]]="","Missing",IF(Excel_jumia_dataset3[[#This Row],[Current Price]]<Data_Analysis!$B$21,"Low Price",IF(Excel_jumia_dataset3[[#This Row],[Current Price]]<Data_Analysis!$B$22,"Medium Price","High Price"))) -> Low Price | E38: =Excel_jumia_dataset3[[#This Row],[Old Price]]-Excel_jumia_dataset3[[#This Row],[Current Price]] -> 95 | F38: 0.48 | G38: =IF(F38<20%,"Low Discount",IF(F38<=40%,"Medium Discount", "High Discount")) -> High Discount | J38: Not Provided
A39: 100 Pcs Crochet Hook Tool Set Knitting Hook Set With Box | B39: 990 | C39: 1500 | D39: =IF(Excel_jumia_dataset3[[#This Row],[Current Price]]="","Missing",IF(Excel_jumia_dataset3[[#This Row],[Current Price]]<Data_Analysis!$B$21,"Low Price",IF(Excel_jumia_dataset3[[#This Row],[Current Price]]<Data_Analysis!$B$22,"Medium Price","High Price"))) -> Medium Price | E39: =Excel_jumia_dataset3[[#This Row],[Old Price]]-Excel_jumia_dataset3[[#This Row],[Current Price]] -> 510 | F39: 0.34 | G39: =IF(F39<20%,"Low Discount",IF(F39<=40%,"Medium Discount", "High Discount")) -> Medium Discount | H39: 39 | I39: 4.7 | J39: =IF(ISBLANK(I39),"",IF(I39<3,"Poor",IF(I39>=4.5,"Excellent","Average"))) -> Excellent
A40: 12 Litre Insulated Lunch Box Grey | B40: 980 | C40: 1490 | D40: =IF(Excel_jumia_dataset3[[#This Row],[Current Price]]="","Missing",IF(Excel_jumia_dataset3[[#This Row],[Current Price]]<Data_Analysis!$B$21,"Low Price",IF(Excel_jumia_dataset3[[#This Row],[Current Price]]<Data_Analysis!$B$22,"Medium Price","High Price"))) -> Medium Price | E40: =Excel_jumia_dataset3[[#This Row],[Old Price]]-Excel_jumia_dataset3[[#This Row],[Current Price]] -> 510 | F40: 0.34 | G40: =IF(F40<20%,"Low Discount",IF(F40<=40%,"Medium Discount", "High Discount")) -> Medium Discount | H40: 12 | I40: 4.7 | J40: =IF(ISBLANK(I40),"",IF(I40<3,"Poor",IF(I40>=4.5,"Excellent","Average"))) -> Excellent
A41: LED Romantic Spaceship Starry Sky Projector,Children's Bedroom Night Light-Blue | B41: 880 | C41: 1350 | D41: =IF(Excel_jumia_dataset3[[#This Row],[Current Price]]="","Missing",IF(Excel_jumia_dataset3[[#This Row],[Current Price]]<Data_Analysis!$B$21,"Low Price",IF(Excel_jumia_dataset3[[#This Row],[Current Price]]<Data_Analysis!$B$22,"Medium Price","High Price"))) -> Medium Price | E41: =Excel_jumia_dataset3[[#This Row],[Old Price]]-Excel_jumia_dataset3[[#This Row],[Current Price]] -> 470 | F41: 0.35 | G41: =IF(F41<20%,"Low Discount",IF(F41<=40%,"Medium Discount", "High Discount")) -> Medium Discount | H41: 6 | I41: 4 | J41: =IF(ISBLANK(I41),"",IF(I41<3,"Poor",IF(I41>=4.5,"Excellent","Average"))) -> Average
A42: Electronic Digital Display Vernier Caliper | B42: 420 | C42: 647 | D42: =IF(Excel_jumia_dataset3[[#This Row],[Current Price]]="","Missing",IF(Excel_jumia_dataset3[[#This Row],[Current Price]]<Data_Analysis!$B$21,"Low Price",IF(Excel_jumia_dataset3[[#This Row],[Current Price]]<Data_Analysis!$B$22,"Medium Price","High Price"))) -> Low Price | E42: =Excel_jumia_dataset3[[#This Row],[Old Price]]-Excel_jumia_dataset3[[#This Row],[Current Price]] -> 227 | F42: 0.35 | G42: =IF(F42<20%,"Low Discount",IF(F42<=40%,"Medium Discount", "High Discount")) -> Medium Discount | H42: 49 | I42: 4.6 | J42: =IF(ISBLANK(I42),"",IF(I42<3,"Poor",IF(I42>=4.5,"Excellent","Average"))) -> Excellent
A43: 6 Layers Steel Pipe Assembling Dustproof Storage Shoe Cabinet | B43: 899 | C43: 1699 | D43: =IF(Excel_jumia_dataset3[[#This Row],[Current Price]]="","Missing",IF(Excel_jumia_dataset3[[#This Row],[Current Price]]<Data_Analysis!$B$21,"Low Price",IF(Excel_jumia_dataset3[[#This Row],[Current Price]]<Data_Analysis!$B$22,"Medium Price","High Price"))) -> Medium Price | E43: =Excel_jumia_dataset3[[#This Row],[Old Price]]-Excel_jumia_dataset3[[#This Row],[Current Price]] -> 800 | F43: 0.47 | G43: =IF(F43<20%,"Low Discount",IF(F43<=40%,"Medium Discount", "High Discount")) -> High Discount | J43: Not Provided
A44: Weighing Scale Digital Bathroom Body Fat Scale USB-Black | B44: 1580 | C44: 2499 | D44: =IF(Excel_jumia_dataset3[[#This Row],[Current Price]]="","Missing",IF(Excel_jumia_dataset3[[#This Row],[Current Price]]<Data_Analysis!$B$21,"Low Price",IF(Excel_jumia_dataset3[[#This Row],[Current Price]]<Data_Analysis!$B$22,"Medium Price","High Price"))) -> Medium Price | E44: =Excel_jumia_dataset3[[#This Row],[Old Price]]-Excel_jumia_dataset3[[#This Row],[Current Price]] -> 919 | F44: 0.37 | G44: =IF(F44<20%,"Low Discount",IF(F44<=40%,"Medium Discount", "High Discount")) -> Medium Discount | H44: 7 | I44: 4.7 | J44: =IF(ISBLANK(I44),"",IF(I44<3,"Poor",IF(I44>=4.5,"Excellent","Average"))) -> Excellent
A45: Desk Foldable Fan Adjustable Fan Strong Wind 3 Gear Usb | B45: 988 | C45: 1580 | D45: =IF(Excel_jumia_dataset3[[#This Row],[Current Price]]="","Missing",IF(Excel_jumia_dataset3[[#This Row],[Current Price]]<Data_Analysis!$B$21,"Low Price",IF(Excel_jumia_dataset3[[#This Row],[Current Price]]<Data_Analysis!$B$22,"Medium Price","High Price"))) -> Medium Price | E45: =Excel_jumia_dataset3[[#This Row],[Old Price]]-Excel_jumia_dataset3[[#This Row],[Current Price]] -> 592 | F45: 0.37 | G45: =IF(F45<20%,"Low Discount",IF(F45<=40%,"Medium Discount", "High Discount")) -> Medium Discount | H45: 2 | I45: 4 | J45: =IF(ISBLANK(I45),"",IF(I45<3,"Poor",IF(I45>=4.5,"Excellent","Average"))) -> Average
A46: 1/2/3 Seater Elastic Sofa Cover,Living Room/Home Decor Chair Cover-Grey | B46: 1800 | C46: 2700 | D46: =IF(Excel_jumia_dataset3[[#This Row],[Current Price]]="","Missing",IF(Excel_jumia_dataset3[[#This Row],[Current Price]]<Data_Analysis!$B$21,"Low Price",IF(Excel_jumia_dataset3[[#This Row],[Current Price]]<Data_Analysis!$B$22,"Medium Price","High Price"))) -> High Price | E46: =Excel_jumia_dataset3[[#This Row],[Old Price]]-Excel_jumia_dataset3[[#This Row],[Current Price]] -> 900 | F46: 0.38 | G46: =IF(F46<20%,"Low Discount",IF(F46<=40%,"Medium Discount", "High Discount")) -> Medium Discount | H46: 2 | I46: 4.5 | J46: =IF(ISBLANK(I46),"",IF(I46<3,"Poor",IF(I46>=4.5,"Excellent","Average"))) -> Excellent
A47: 2PCS/LOT Solar LED Outdoor Intelligent Light Controlled Wall Lamp | B47: 790 | C47: 1485 | D47: =IF(Excel_jumia_dataset3[[#This Row],[Current Price]]="","Missing",IF(Excel_jumia_dataset3[[#This Row],[Current Price]]<Data_Analysis!$B$21,"Low Price",IF(Excel_jumia_dataset3[[#This Row],[Current Price]]<Data_Analysis!$B$22,"Medium Price","High Price"))) -> Medium Price | E47: =Excel_jumia_dataset3[[#This Row],[Old Price]]-Excel_jumia_dataset3[[#This Row],[Current Price]] -> 695 | F47: 0.47 | G47: =IF(F47<20%,"Low Discount",IF(F47<=40%,"Medium Discount", "High Discount")) -> High Discount | J47: Not Provided
A48: Black Simple Water Cup Wine Coaster Anti Slip Absorbent | B48: 169 | C48: 320 | D48: =IF(Excel_jumia_dataset3[[#This Row],[Current Price]]="","Missing",IF(Excel_jumia_dataset3[[#This Row],[Current Price]]<Data_Analysis!$B$21,"Low Price",IF(Excel_jumia_dataset3[[#This Row],[Current Price]]<Data_Analysis!$B$22,"Medium Price","High Price"))) -> Low Price | E48: =Excel_jumia_dataset3[[#This Row],[Old Price]]-Excel_jumia_dataset3[[#This Row],[Current Price]] -> 151 | F48: 0.47 | G48: =IF(F48<20%,"Low Discount",IF(F48<=40%,"Medium Discount", "High Discount")) -> High Discount | J48: Not Provided
A49: 115 Piece Set Of Multifunctional Precision Screwdrivers | B49: 950 | C49: 1525 | D49: =IF(Excel_jumia_dataset3[[#This Row],[Current Price]]="","Missing",IF(Excel_jumia_dataset3[[#This Row],[Current Price]]<Data_Analysis!$B$21,"Low Price",IF(Excel_jumia_dataset3[[#This Row],[Current Price]]<Data_Analysis!$B$22,"Medium Price","High Price"))) -> Medium Price | E49: =Excel_jumia_dataset3[[#This Row],[Old Price]]-Excel_jumia_dataset3[[#This Row],[Current Price]] -> 575 | F49: 0.38 | G49: =IF(F49<20%,"Low Discount",IF(F49<=40%,"Medium Discount", "High Discount")) -> Medium Discount | H49: 2 | I49: 4.5 | J49: =IF(ISBLANK(I49),"",IF(I49<3,"Poor",IF(I49>=4.5,"Excellent","Average"))) -> Excellent
A50: 32PCS Portable Cordless Drill Set With Cyclic Battery Drive -26 Variable Speed | B50: 3750 | C50: 6143 | D50: =IF(Excel_jumia_dataset3[[#This Row],[Current Price]]="","Missing",IF(Excel_jumia_dataset3[[#This Row],[Current Price]]<Data_Analysis!$B$21,"Low Price",IF(Excel_jumia_dataset3[[#This Row],[Current Price]]<Data_Analysis!$B$22,"Medium Price","High Price"))) -> High Price | E50: =Excel_jumia_dataset3[[#This Row],[Old Price]]-Excel_jumia_dataset3[[#This Row],[Current Price]] -> 2393 | F50: 0.39 | G50: =IF(F50<20%,"Low Discount",IF(F50<=40%,"Medium Discount", "High Discount")) -> Medium Discount | H50: 5 | I50: 3 | J50: =IF(ISBLANK(I50),"",IF(I50<3,"Poor",IF(I50>=4.5,"Excellent","Average"))) -> Average
A51: DIY File Folder, Office Drawer File Holder, Pen Holder, Desktop Storage Rack | B51: 1620 | C51: 2690 | D51: =IF(Excel_jumia_dataset3[[#This Row],[Current Price]]="","Missing",IF(Excel_jumia_dataset3[[#This Row],[Current Price]]<Data_Analysis!$B$21,"Low Price",IF(Excel_jumia_dataset3[[#This Row],[Current Price]]<Data_Analysis!$B$22,"Medium Price","High Price"))) -> Medium Price | E51: =Excel_jumia_dataset3[[#This Row],[Old Price]]-Excel_jumia_dataset3[[#This Row],[Current Price]] -> 1070 | F51: 0.4 | G51: =IF(F51<20%,"Low Discount",IF(F51<=40%,"Medium Discount", "High Discount")) -> Medium Discount | H51: 1 | I51: 5 | J51: =IF(ISBLANK(I51),"",IF(I51<3,"Poor",IF(I51>=4.5,"Excellent","Average"))) -> Excellent
A52: MultiFunctional Storage Rack Multi-layer Bookshelf | B52: 2200 | C52: 4080 | D52: =IF(Excel_jumia_dataset3[[#This Row],[Current Price]]="","Missing",IF(Excel_jumia_dataset3[[#This Row],[Current Price]]<Data_Analysis!$B$21,"Low Price",IF(Excel_jumia_dataset3[[#This Row],[Current Price]]<Data_Analysis!$B$22,"Medium Price","High Price"))) -> High Price | E52: =Excel_jumia_dataset3[[#This Row],[Old Price]]-Excel_jumia_dataset3[[#This Row],[Current Price]] -> 1880 | F52: 0.46 | G52: =IF(F52<20%,"Low Discount",IF(F52<=40%,"Medium Discount", "High Discount")) -> High Discount | J52: Not Provided
A53: Simple Metal Dog Art Sculpture Decoration For Home Office | B53: 499 | C53: 900 | D53: =IF(Excel_jumia_dataset3[[#This Row],[Current Price]]="","Missing",IF(Excel_jumia_dataset3[[#This Row],[Current Price]]<Data_Analysis!$B$21,"Low Price",IF(Excel_jumia_dataset3[[#This Row],[Current Price]]<Data_Analysis!$B$22,"Medium Price","High Price"))) -> Medium Price | E53: =Excel_jumia_dataset3[[#This Row],[Old Price]]-Excel_jumia_dataset3[[#This Row],[Current Price]] -> 401 | F53: 0.45 | G53: =IF(F53<20%,"Low Discount",IF(F53<=40%,"Medium Discount", "High Discount")) -> High Discount | J53: Not Provided
A54: Punch-free Great Load Bearing Bathroom Storage Rack Wall Shelf-White | B54: 389 | C54: 656 | D54: =IF(Excel_jumia_dataset3[[#This Row],[Current Price]]="","Missing",IF(Excel_jumia_dataset3[[#This Row],[Current Price]]<Data_Analysis!$B$21,"Low Price",IF(Excel_jumia_dataset3[[#This Row],[Current Price]]<Data_Analysis!$B$22,"Medium Price","High Price"))) -> Low Price | E54: =Excel_jumia_dataset3[[#This Row],[Old Price]]-Excel_jumia_dataset3[[#This Row],[Current Price]] -> 267 | F54: 0.41 | G54: =IF(F54<20%,"Low Discount",IF(F54<=40%,"Medium Discount", "High Discount")) -> High Discount | H54: 36 | I54: 4.3 | J54: =IF(ISBLANK(I54),"",IF(I54<3,"Poor",IF(I54>=4.5,"Excellent","Average"))) -> Average
A55: 3PCS Rotary Scraper Thermomix For Kitchen | B55: 690 | C55: 1200 | D55: =IF(Excel_jumia_dataset3[[#This Row],[Current Price]]="","Missing",IF(Excel_jumia_dataset3[[#This Row],[Current Price]]<Data_Analysis!$B$21,"Low Price",IF(Excel_jumia_dataset3[[#This Row],[Current Price]]<Data_Analysis!$B$22,"Medium Price","High Price"))) -> Medium Price | E55: =Excel_jumia_dataset3[[#This Row],[Old Price]]-Excel_jumia_dataset3[[#This Row],[Current Price]] -> 510 | F55: 0.43 | G55: =IF(F55<20%,"Low Discount",IF(F55<=40%,"Medium Discount", "High Discount")) -> High Discount | J55: Not Provided
A56: Multifunctional Hanging Storage Box Storage Bag (4 Layers) | B56: 630 | C56: 1100 | D56: =IF(Excel_jumia_dataset3[[#This Row],[Current Price]]="","Missing",IF(Excel_jumia_dataset3[[#This Row],[Current Price]]<Data_Analysis!$B$21,"Low Price",IF(Excel_jumia_dataset3[[#This Row],[Current Price]]<Data_Analysis!$B$22,"Medium Price","High Price"))) -> Medium Price | E56: =Excel_jumia_dataset3[[#This Row],[Old Price]]-Excel_jumia_dataset3[[#This Row],[Current Price]] -> 470 | F56: 0.43 | G56: =IF(F56<20%,"Low Discount",IF(F56<=40%,"Medium Discount", "High Discount")) -> High Discount | J56: Not Provided
A57: 4pcs Bathroom/Kitchen Towel Rack,Roll Paper Holder,Towel Bars,Hook | B57: 1860 | C57: 3220 | D57: =IF(Excel_jumia_dataset3[[#This Row],[Current Price]]="","Missing",IF(Excel_jumia_dataset3[[#This Row],[Current Price]]<Data_Analysis!$B$21,"Low Price",IF(Excel_jumia_dataset3[[#This Row],[Current Price]]<Data_Analysis!$B$22,"Medium Price","High Price"))) -> High Price | E57: =Excel_jumia_dataset3[[#This Row],[Old Price]]-Excel_jumia_dataset3[[#This Row],[Current Price]] -> 1360 | F57: 0.42 | G57: =IF(F57<20%,"Low Discount",IF(F57<=40%,"Medium Discount", "High Discount")) -> High Discount | J57: Not Provided
A58: LASA Digital Thermometer And Hydrometer | B58: 501 | C58: 860 | D58: =IF(Excel_jumia_dataset3[[#This Row],[Current Price]]="","Missing",IF(Excel_jumia_dataset3[[#This Row],[Current Price]]<Data_Analysis!$B$21,"Low Price",IF(Excel_jumia_dataset3[[#This Row],[Current Price]]<Data_Analysis!$B$22,"Medium Price","High Price"))) -> Medium Price | E58: =Excel_jumia_dataset3[[#This Row],[Old Price]]-Excel_jumia_dataset3[[#This Row],[Current Price]] -> 359 | F58: 0.42 | G58: =IF(F58<20%,"Low Discount",IF(F58<=40%,"Medium Discount", "High Discount")) -> High Discount | H58: 6 | I58: 4.5 | J58: =IF(ISBLANK(I58),"",IF(I58<3,"Poor",IF(I58>=4.5,"Excellent","Average"))) -> Excellent
A59: 8in1 Screwdriver With LED Light | B59: 1080 | C59: 1874 | D59: =IF(Excel_jumia_dataset3[[#This Row],[Current Price]]="","Missing",IF(Excel_jumia_dataset3[[#This Row],[Current Price]]<Data_Analysis!$B$21,"Low Price",IF(Excel_jumia_dataset3[[#This Row],[Current Price]]<Data_Analysis!$B$22,"Medium Price","High Price"))) -> Medium Price | E59: =Excel_jumia_dataset3[[#This Row],[Old Price]]-Excel_jumia_dataset3[[#This Row],[Current Price]] -> 794 | F59: 0.42 | G59: =IF(F59<20%,"Low Discount",IF(F59<=40%,"Medium Discount", "High Discount")) -> High Discount | J59: Not Provided
A60: Balloon Insert, Birthday Party Balloon Set, PU Leather | B60: 610 | C60: 1060 | D60: =IF(Excel_jumia_dataset3[[#This Row],[Current Price]]="","Missing",IF(Excel_jumia_dataset3[[#This Row],[Current Price]]<Data_Analysis!$B$21,"Low Price",IF(Excel_jumia_dataset3[[#This Row],[Current Price]]<Data_Analysis!$B$22,"Medium Price","High Price"))) -> Medium Price | E60: =Excel_jumia_dataset3[[#This Row],[Old Price]]-Excel_jumia_dataset3[[#This Row],[Current Price]] -> 450 | F60: 0.42 | G60: =IF(F60<20%,"Low Discount",IF(F60<=40%,"Medium Discount", "High Discount")) -> High Discount | J60: Not Provided
A61: Wrought Iron Bathroom Shelf Wall Mounted Free Punch Toilet Rack | B61: 509 | C61: 899 | D61: =IF(Excel_jumia_dataset3[[#This Row],[Current Price]]="","Missing",IF(Excel_jumia_dataset3[[#This Row],[Current Price]]<Data_Analysis!$B$21,"Low Price",IF(Excel_jumia_dataset3[[#This Row],[Current Price]]<Data_Analysis!$B$22,"Medium Price","High Price"))) -> Medium Price | E61: =Excel_jumia_dataset3[[#This Row],[Old Price]]-Excel_jumia_dataset3[[#This Row],[Current Price]] -> 390 | F61: 0.43 | G61: =IF(F61<20%,"Low Discount",IF(F61<=40%,"Medium Discount", "High Discount")) -> High Discount | H61: 5 | I61: 3 | J61: =IF(ISBLANK(I61),"",IF(I61<3,"Poor",IF(I61>=4.5,"Excellent","Average"))) -> Average
A62: Watercolour Gold Foil Textured Print Pillow Cover | B62: 345 | C62: 602 | D62: =IF(Excel_jumia_dataset3[[#This Row],[Current Price]]="","Missing",IF(Excel_jumia_dataset3[[#This Row],[Current Price]]<Data_Analysis!$B$21,"Low Price",IF(Excel_jumia_dataset3[[#This Row],[Current Price]]<Data_Analysis!$B$22,"Medium Price","High Price"))) -> Low Price | E62: =Excel_jumia_dataset3[[#This Row],[Old Price]]-Excel_jumia_dataset3[[#This Row],[Current Price]] -> 257 | F62: 0.43 | G62: =IF(F62<20%,"Low Discount",IF(F62<=40%,"Medium Discount", "High Discount")) -> High Discount | H62: 6 | I62: 2.3 | J62: =IF(ISBLANK(I62),"",IF(I62<3,"Poor",IF(I62>=4.5,"Excellent","Average"))) -> Poor
A63: 13 In 1 Home Repair Tools Box Kit Set | B63: 1600 | C63: 2929 | D63: =IF(Excel_jumia_dataset3[[#This Row],[Current Price]]="","Missing",IF(Excel_jumia_dataset3[[#This Row],[Current Price]]<Data_Analysis!$B$21,"Low Price",IF(Excel_jumia_dataset3[[#This Row],[Current Price]]<Data_Analysis!$B$22,"Medium Price","High Price"))) -> Medium Price | E63: =Excel_jumia_dataset3[[#This Row],[Old Price]]-Excel_jumia_dataset3[[#This Row],[Current Price]] -> 1329 | F63: 0.45 | G63: =IF(F63<20%,"Low Discount",IF(F63<=40%,"Medium Discount", "High Discount")) -> High Discount | H63: 5 | I63: 3.8 | J63: =IF(ISBLANK(I63),"",IF(I63<3,"Poor",IF(I63>=4.5,"Excellent","Average"))) -> Average
A64: Artificial Potted Flowers Room Decorative Flowers (2 Pieces) | B64: 990 | C64: 1814 | D64: =IF(Excel_jumia_dataset3[[#This Row],[Current Price]]="","Missing",IF(Excel_jumia_dataset3[[#This Row],[Current Price]]<Data_Analysis!$B$21,"Low Price",IF(Excel_jumia_dataset3[[#This Row],[Current Price]]<Data_Analysis!$B$22,"Medium Price","High Price"))) -> Medium Price | E64: =Excel_jumia_dataset3[[#This Row],[Old Price]]-Excel_jumia_dataset3[[#This Row],[Current Price]] -> 824 | F64: 0.45 | G64: =IF(F64<20%,"Low Discount",IF(F64<=40%,"Medium Discount", "High Discount")) -> High Discount | H64: 6 | I64: 2.2 | J64: =IF(ISBLANK(I64),"",IF(I64<3,"Poor",IF(I64>=4.5,"Excellent","Average"))) -> Poor
A65: 9pcs Gas Mask, For Painting, Dust, Formaldehyde Grinding, Polishing | B65: 1420 | C65: 2420 | D65: =IF(Excel_jumia_dataset3[[#This Row],[Current Price]]="","Missing",IF(Excel_jumia_dataset3[[#This Row],[Current Price]]<Data_Analysis!$B$21,"Low Price",IF(Excel_jumia_dataset3[[#This Row],[Current Price]]<Data_Analysis!$B$22,"Medium Price","High Price"))) -> Medium Price | E65: =Excel_jumia_dataset3[[#This Row],[Old Price]]-Excel_jumia_dataset3[[#This Row],[Current Price]] -> 1000 | F65: 0.41 | G65: =IF(F65<20%,"Low Discount",IF(F65<=40%,"Medium Discount", "High Discount")) -> High Discount | J65: Not Provided
A66: Agapeon Toothbrush Holder And Toothpaste Dispenser | B66: 382 | C66: 700 | D66: =IF(Excel_jumia_dataset3[[#This Row],[Current Price]]="","Missing",IF(Excel_jumia_dataset3[[#This Row],[Current Price]]<Data_Analysis!$B$21,"Low Price",IF(Excel_jumia_dataset3[[#This Row],[Current Price]]<Data_Analysis!$B$22,"Medium Price","High Price"))) -> Low Price | E66: =Excel_jumia_dataset3[[#This Row],[Old Price]]-Excel_jumia_dataset3[[#This Row],[Current Price]] -> 318 | F66: 0.45 | G66: =IF(F66<20%,"Low Discount",IF(F66<=40%,"Medium Discount", "High Discount")) -> High Discount | H66: 17 | I66: 2.6 | J66: =IF(ISBLANK(I66),"",IF(I66<3,"Poor",IF(I66>=4.5,"Excellent","Average"))) -> Poor
A67: Cute Christmas Fence Garden Decorations For Holiday Home | B67: 799 | C67: 1343 | D67: =IF(Excel_jumia_dataset3[[#This Row],[Current Price]]="","Missing",IF(Excel_jumia_dataset3[[#This Row],[Current Price]]<Data_Analysis!$B$21,"Low Price",IF(Excel_jumia_dataset3[[#This Row],[Current Price]]<Data_Analysis!$B$22,"Medium Price","High Price"))) -> Medium Price | E67: =Excel_jumia_dataset3[[#This Row],[Old Price]]-Excel_jumia_dataset3[[#This Row],[Current Price]] -> 544 | F67: 0.41 | G67: =IF(F67<20%,"Low Discount",IF(F67<=40%,"Medium Discount", "High Discount")) -> High Discount | J67: Not Provided
A68: Memory Foam Neck Pillow Cover, With Pillow Core - 50*30cm | B68: 1189 | C68: 2199 | D68: =IF(Excel_jumia_dataset3[[#This Row],[Current Price]]="","Missing",IF(Excel_jumia_dataset3[[#This Row],[Current Price]]<Data_Analysis!$B$21,"Low Price",IF(Excel_jumia_dataset3[[#This Row],[Current Price]]<Data_Analysis!$B$22,"Medium Price","High Price"))) -> Medium Price | E68: =Excel_jumia_dataset3[[#This Row],[Old Price]]-Excel_jumia_dataset3[[#This Row],[Current Price]] -> 1010 | F68: 0.46 | G68: =IF(F68<20%,"Low Discount",IF(F68<=40%,"Medium Discount", "High Discount")) -> High Discount | H68: 1 | I68: 3 | J68: =IF(ISBLANK(I68),"",IF(I68<3,"Poor",IF(I68>=4.5,"Excellent","Average"))) -> Average
A69: Peacock Throw Pillow Cushion Case For Home Car | B69: 195 | C69: 360 | D69: =IF(Excel_jumia_dataset3[[#This Row],[Current Price]]="","Missing",IF(Excel_jumia_dataset3[[#This Row],[Current Price]]<Data_Analysis!$B$21,"Low Price",IF(Excel_jumia_dataset3[[#This Row],[Current Price]]<Data_Analysis!$B$22,"Medium Price","High Price"))) -> Low Price | E69: =Excel_jumia_dataset3[[#This Row],[Old Price]]-Excel_jumia_dataset3[[#This Row],[Current Price]] -> 165 | F69: 0.46 | G69: =IF(F69<20%,"Low Discount",IF(F69<=40%,"Medium Discount", "High Discount")) -> High Discount | H69: 2 | I69: 5 | J69: =IF(ISBLANK(I69),"",IF(I69<3,"Poor",IF(I69>=4.5,"Excellent","Average"))) -> Excellent
A70: Electric LED UV Mosquito Killer Lamp, Outdoor/Indoor Fly Killer Trap Light -USB | B70: 1570 | C70: 2988 | D70: =IF(Excel_jumia_dataset3[[#This Row],[Current Price]]="","Missing",IF(Excel_jumia_dataset3[[#This Row],[Current Price]]<Data_Analysis!$B$21,"Low Price",IF(Excel_jumia_dataset3[[#This Row],[Current Price]]<Data_Analysis!$B$22,"Medium Price","High Price"))) -> Medium Price | E70: =Excel_jumia_dataset3[[#This Row],[Old Price]]-Excel_jumia_dataset3[[#This Row],[Current Price]] -> 1418 | F70: 0.47 | G70: =IF(F70<20%,"Low Discount",IF(F70<=40%,"Medium Discount", "High Discount")) -> High Discount | H70: 7 | I70: 2.1 | J70: =IF(ISBLANK(I70),"",IF(I70<3,"Poor",IF(I70>=4.5,"Excellent","Average"))) -> Poor
A71: 7-piece Set Of Storage Bags, Travel Storage Bags, Shoe Bags | B71: 968 | C71: 1814 | D71: =IF(Excel_jumia_dataset3[[#This Row],[Current Price]]="","Missing",IF(Excel_jumia_dataset3[[#This Row],[Current Price]]<Data_Analysis!$B$21,"Low Price",IF(Excel_jumia_dataset3[[#This Row],[Current Price]]<Data_Analysis!$B$22,"Medium Price","High Price"))) -> Medium Price | E71: =Excel_jumia_dataset3[[#This Row],[Old Price]]-Excel_jumia_dataset3[[#This Row],[Current Price]] -> 846 | F71: 0.47 | G71: =IF(F71<20%,"Low Discount",IF(F71<=40%,"Medium Discount", "High Discount")) -> High Discount | H71: 6 | I71: 2.2 | J71: =IF(ISBLANK(I71),"",IF(I71<3,"Poor",IF(I71>=4.5,"Excellent","Average"))) -> Poor
A72: LASA Stainless Steel Double Wall Mount Soap Dispenser - 500ml | B72: 2750 | C72: 4471 | D72: =IF(Excel_jumia_dataset3[[#This Row],[Current Price]]="","Missing",IF(Excel_jumia_dataset3[[#This Row],[Current Price]]<Data_Analysis!$B$21,"Low Price",IF(Excel_jumia_dataset3[[#This Row],[Current Price]]<Data_Analysis!$B$22,"Medium Price","High Price"))) -> High Price | E72: =Excel_jumia_dataset3[[#This Row],[Old Price]]-Excel_jumia_dataset3[[#This Row],[Current Price]] -> 1721 | F72: 0.38 | G72: =IF(F72<20%,"Low Discount",IF(F72<=40%,"Medium Discount", "High Discount")) -> Medium Discount | J72: Not Provided
A73: 2pcs Solar Street Light Flood Light Outdoor | B73: 1200 | C73: 1950 | D73: =IF(Excel_jumia_dataset3[[#This Row],[Current Price]]="","Missing",IF(Excel_jumia_dataset3[[#This Row],[Current Price]]<Data_Analysis!$B$21,"Low Price",IF(Excel_jumia_dataset3[[#This Row],[Current Price]]<Data_Analysis!$B$22,"Medium Price","High Price"))) -> Medium Price | E73: =Excel_jumia_dataset3[[#This Row],[Old Price]]-Excel_jumia_dataset3[[#This Row],[Current Price]] -> 750 | F73: 0.38 | G73: =IF(F73<20%,"Low Discount",IF(F73<=40%,"Medium Discount", "High Discount")) -> Medium Discount | J73: Not Provided
A74: 40cm Gold DIY Acrylic Wall Sticker Clock | B74: 552 | C74: 1035 | D74: =IF(Excel_jumia_dataset3[[#This Row],[Current Price]]="","Missing",IF(Excel_jumia_dataset3[[#This Row],[Current Price]]<Data_Analysis!$B$21,"Low Price",IF(Excel_jumia_dataset3[[#This Row],[Current Price]]<Data_Analysis!$B$22,"Medium Price","High Price"))) -> Medium Price | E74: =Excel_jumia_dataset3[[#This Row],[Old Price]]-Excel_jumia_dataset3[[#This Row],[Current Price]] -> 483 | F74: 0.47 | G74: =IF(F74<20%,"Low Discount",IF(F74<=40%,"Medium Discount", "High Discount")) -> High Discount | H74: 12 | I74: 4.8 | J74: =IF(ISBLANK(I74),"",IF(I74<3,"Poor",IF(I74>=4.5,"Excellent","Average"))) -> Excellent
A75: Metal Decorative Hooks Key Hangers Entryway Wall Hooks Towel Hooks - Home | B75: 527 | C75: 999 | D75: =IF(Excel_jumia_dataset3[[#This Row],[Current Price]]="","Missing",IF(Excel_jumia_dataset3[[#This Row],[Current Price]]<Data_Analysis!$B$21,"Low Price",IF(Excel_jumia_dataset3[[#This Row],[Current Price]]<Data_Analysis!$B$22,"Medium Price","High Price"))) -> Medium Price | E75: =Excel_jumia_dataset3[[#This Row],[Old Price]]-Excel_jumia_dataset3[[#This Row],[Current Price]] -> 472 | F75: 0.47 | G75: =IF(F75<20%,"Low Discount",IF(F75<=40%,"Medium Discount", "High Discount")) -> High Discount | H75: 14 | I75: 4.1 | J75: =IF(ISBLANK(I75),"",IF(I75<3,"Poor",IF(I75>=4.5,"Excellent","Average"))) -> Average
A76: 5m Waterproof Spherical LED String Lights Outdoor Ball Chain Lights Party Lighting Decoration Adjustable | B76: 1460 | C76: 2290 | D76: =IF(Excel_jumia_dataset3[[#This Row],[Current Price]]="","Missing",IF(Excel_jumia_dataset3[[#This Row],[Current Price]]<Data_Analysis!$B$21,"Low Price",IF(Excel_jumia_dataset3[[#This Row],[Current Price]]<Data_Analysis!$B$22,"Medium Price","High Price"))) -> Medium Price | E76: =Excel_jumia_dataset3[[#This Row],[Old Price]]-Excel_jumia_dataset3[[#This Row],[Current Price]] -> 830 | F76: 0.36 | G76: =IF(F76<20%,"Low Discount",IF(F76<=40%,"Medium Discount", "High Discount")) -> Medium Discount | J76: Not Provided
A77: LED Eye Protection Desk Lamp , Study, Reading, USB Fan - Double Pen Holder | B77: 1820 | C77: 3490 | D77: =IF(Excel_jumia_dataset3[[#This Row],[Current Price]]="","Missing",IF(Excel_jumia_dataset3[[#This Row],[Current Price]]<Data_Analysis!$B$21,"Low Price",IF(Excel_jumia_dataset3[[#This Row],[Current Price]]<Data_Analysis!$B$22,"Medium Price","High Price"))) -> High Price | E77: =Excel_jumia_dataset3[[#This Row],[Old Price]]-Excel_jumia_dataset3[[#This Row],[Current Price]] -> 1670 | F77: 0.48 | G77: =IF(F77<20%,"Low Discount",IF(F77<=40%,"Medium Discount", "High Discount")) -> High Discount | H77: 9 | I77: 4.3 | J77: =IF(ISBLANK(I77),"",IF(I77<3,"Poor",IF(I77>=4.5,"Excellent","Average"))) -> Average
A78: Cartoon Embroidered Mini Towel Bear Cotton Wash Cloth Hand 4pcs | B78: 1190 | C78: 1810 | D78: =IF(Excel_jumia_dataset3[[#This Row],[Current Price]]="","Missing",IF(Excel_jumia_dataset3[[#This Row],[Current Price]]<Data_Analysis!$B$21,"Low Price",IF(Excel_jumia_dataset3[[#This Row],[Current Price]]<Data_Analysis!$B$22,"Medium Price","High Price"))) -> Medium Price | E78: =Excel_jumia_dataset3[[#This Row],[Old Price]]-Excel_jumia_dataset3[[#This Row],[Current Price]] -> 620 | F78: 0.34 | G78: =IF(F78<20%,"Low Discount",IF(F78<=40%,"Medium Discount", "High Discount")) -> Medium Discount | J78: Not Provided
A79: LED Solar Street Light-fake Camera | B79: 1150 | C79: 1737 | D79: =IF(Excel_jumia_dataset3[[#This Row],[Current Price]]="","Missing",IF(Excel_jumia_dataset3[[#This Row],[Current Price]]<Data_Analysis!$B$21,"Low Price",IF(Excel_jumia_dataset3[[#This Row],[Current Price]]<Data_Analysis!$B$22,"Medium Price","High Price"))) -> Medium Price | E79: =Excel_jumia_dataset3[[#This Row],[Old Price]]-Excel_jumia_dataset3[[#This Row],[Current Price]] -> 587 | F79: 0.34 | G79: =IF(F79<20%,"Low Discount",IF(F79<=40%,"Medium Discount", "High Discount")) -> Medium Discount | J79: Not Provided
A80: 60W Hot Melt Glue Sprayer - Efficient And Stable Glue Dispensing | B80: 1190 | C80: 1785 | D80: =IF(Excel_jumia_dataset3[[#This Row],[Current Price]]="","Missing",IF(Excel_jumia_dataset3[[#This Row],[Current Price]]<Data_Analysis!$B$21,"Low Price",IF(Excel_jumia_dataset3[[#This Row],[Current Price]]<Data_Analysis!$B$22,"Medium Price","High Price"))) -> Medium Price | E80: =Excel_jumia_dataset3[[#This Row],[Old Price]]-Excel_jumia_dataset3[[#This Row],[Current Price]] -> 595 | F80: 0.33 | G80: =IF(F80<20%,"Low Discount",IF(F80<=40%,"Medium Discount", "High Discount")) -> Medium Discount | J80: Not Provided
A81: LASA Aluminum Folding Truck Hand Cart - 68kg Max | B81: 2025 | C81: 3971 | D81: =IF(Excel_jumia_dataset3[[#This Row],[Current Price]]="","Missing",IF(Excel_jumia_dataset3[[#This Row],[Current Price]]<Data_Analysis!$B$21,"Low Price",IF(Excel_jumia_dataset3[[#This Row],[Current Price]]<Data_Analysis!$B$22,"Medium Price","High Price"))) -> High Price | E81: =Excel_jumia_dataset3[[#This Row],[Old Price]]-Excel_jumia_dataset3[[#This Row],[Current Price]] -> 1946 | F81: 0.49 | G81: =IF(F81<20%,"Low Discount",IF(F81<=40%,"Medium Discount", "High Discount")) -> High Discount | H81: 3 | I81: 5 | J81: =IF(ISBLANK(I81),"",IF(I81<3,"Poor",IF(I81>=4.5,"Excellent","Average"))) -> Excellent
A82: 3D Waterproof EVA Plastic Shower Curtain 1.8*2Mtrs | B82: 998 | C82: 1966 | D82: =IF(Excel_jumia_dataset3[[#This Row],[Current Price]]="","Missing",IF(Excel_jumia_dataset3[[#This Row],[Current Price]]<Data_Analysis!$B$21,"Low Price",IF(Excel_jumia_dataset3[[#This Row],[Current Price]]<Data_Analysis!$B$22,"Medium Price","High Price"))) -> Medium Price | E82: =Excel_jumia_dataset3[[#This Row],[Old Price]]-Excel_jumia_dataset3[[#This Row],[Current Price]] -> 968 | F82: 0.49 | G82: =IF(F82<20%,"Low Discount",IF(F82<=40%,"Medium Discount", "High Discount")) -> High Discount | H82: 44 | I82: 4.6 | J82: =IF(ISBLANK(I82),"",IF(I82<3,"Poor",IF(I82>=4.5,"Excellent","Average"))) -> Excellent
A83: Bedroom Simple Floor Hanging Clothes Rack Single Pole Hat Rack - White | B83: 979 | C83: 1920 | D83: =IF(Excel_jumia_dataset3[[#This Row],[Current Price]]="","Missing",IF(Excel_jumia_dataset3[[#This Row],[Current Price]]<Data_Analysis!$B$21,"Low Price",IF(Excel_jumia_dataset3[[#This Row],[Current Price]]<Data_Analysis!$B$22,"Medium Price","High Price"))) -> Medium Price | E83: =Excel_jumia_dataset3[[#This Row],[Old Price]]-Excel_jumia_dataset3[[#This Row],[Current Price]] -> 941 | F83: 0.49 | G83: =IF(F83<20%,"Low Discount",IF(F83<=40%,"Medium Discount", "High Discount")) -> High Discount | H83: 1 | I83: 5 | J83: =IF(ISBLANK(I83),"",IF(I83<3,"Poor",IF(I83>=4.5,"Excellent","Average"))) -> Excellent
A84: 12V 19500rpm Handheld Electric Angle Grinder Tool - UK - Yellow/Black | B84: 2799 | C84: 3810 | D84: =IF(Excel_jumia_dataset3[[#This Row],[Current Price]]="","Missing",IF(Excel_jumia_dataset3[[#This Row],[Current Price]]<Data_Analysis!$B$21,"Low Price",IF(Excel_jumia_dataset3[[#This Row],[Current Price]]<Data_Analysis!$B$22,"Medium Price","High Price"))) -> High Price | E84: =Excel_jumia_dataset3[[#This Row],[Old Price]]-Excel_jumia_dataset3[[#This Row],[Current Price]] -> 1011 | F84: 0.27 | G84: =IF(F84<20%,"Low Discount",IF(F84<=40%,"Medium Discount", "High Discount")) -> Medium Discount | J84: Not Provided
A85: 1PC Refrigerator Food Seal Pocket Fridge Bags | B85: 198 | C85: 260 | D85: =IF(Excel_jumia_dataset3[[#This Row],[Current Price]]="","Missing",IF(Excel_jumia_dataset3[[#This Row],[Current Price]]<Data_Analysis!$B$21,"Low Price",IF(Excel_jumia_dataset3[[#This Row],[Current Price]]<Data_Analysis!$B$22,"Medium Price","High Price"))) -> Low Price | E85: =Excel_jumia_dataset3[[#This Row],[Old Price]]-Excel_jumia_dataset3[[#This Row],[Current Price]] -> 62 | F85: 0.24 | G85: =IF(F85<20%,"Low Discount",IF(F85<=40%,"Medium Discount", "High Discount")) -> Medium Discount | J85: Not Provided
A86: Pilates Cloth Bag Waterproof Durable High Capacity Purple | B86: 299 | C86: 384 | D86: =IF(Excel_jumia_dataset3[[#This Row],[Current Price]]="","Missing",IF(Excel_jumia_dataset3[[#This Row],[Current Price]]<Data_Analysis!$B$21,"Low Price",IF(Excel_jumia_dataset3[[#This Row],[Current Price]]<Data_Analysis!$B$22,"Medium Price","High Price"))) -> Low Price | E86: =Excel_jumia_dataset3[[#This Row],[Old Price]]-Excel_jumia_dataset3[[#This Row],[Current Price]] -> 85 | F86: 0.22 | G86: =IF(F86<20%,"Low Discount",IF(F86<=40%,"Medium Discount", "High Discount")) -> Medium Discount | J86: Not Provided
A87: Office Chair Lumbar Back Support Spine Posture Correction Pillow Car Cushion | B87: 1466 | C87: 1699 | D87: =IF(Excel_jumia_dataset3[[#This Row],[Current Price]]="","Missing",IF(Excel_jumia_dataset3[[#This Row],[Current Price]]<Data_Analysis!$B$21,"Low Price",IF(Excel_jumia_dataset3[[#This Row],[Current Price]]<Data_Analysis!$B$22,"Medium Price","High Price"))) -> Medium Price | E87: =Excel_jumia_dataset3[[#This Row],[Old Price]]-Excel_jumia_dataset3[[#This Row],[Current Price]] -> 233 | F87: 0.14 | G87: =IF(F87<20%,"Low Discount",IF(F87<=40%,"Medium Discount", "High Discount")) -> Low Discount | J87: Not Provided
A88: Wall-Mounted Toothbrush Toothpaste Holder With Multiple Slots | B88: 1468 | C88: 1699 | D88: =IF(Excel_jumia_dataset3[[#This Row],[Current Price]]="","Missing",IF(Excel_jumia_dataset3[[#This Row],[Current Price]]<Data_Analysis!$B$21,"Low Price",IF(Excel_jumia_dataset3[[#This Row],[Current Price]]<Data_Analysis!$B$22,"Medium Price","High Price"))) -> Medium Price | E88: =Excel_jumia_dataset3[[#This Row],[Old Price]]-Excel_jumia_dataset3[[#This Row],[Current Price]] -> 231 | F88: 0.14 | G88: =IF(F88<20%,"Low Discount",IF(F88<=40%,"Medium Discount", "High Discount")) -> Low Discount | J88: Not Provided
A89: 120W Cordless Vacuum Cleaners Handheld Electric Vacuum Cleaner | B89: 445 | C89: 873 | D89: =IF(Excel_jumia_dataset3[[#This Row],[Current Price]]="","Missing",IF(Excel_jumia_dataset3[[#This Row],[Current Price]]<Data_Analysis!$B$21,"Low Price",IF(Excel_jumia_dataset3[[#This Row],[Current Price]]<Data_Analysis!$B$22,"Medium Price","High Price"))) -> Low Price | E89: =Excel_jumia_dataset3[[#This Row],[Old Price]]-Excel_jumia_dataset3[[#This Row],[Current Price]] -> 428 | F89: 0.49 | G89: =IF(F89<20%,"Low Discount",IF(F89<=40%,"Medium Discount", "High Discount")) -> High Discount | H89: 69 | I89: 2.8 | J89: =IF(ISBLANK(I89),"",IF(I89<3,"Poor",IF(I89>=4.5,"Excellent","Average"))) -> Poor
A90: Household Pineapple Peeler Peeler | B90: 330 | C90: 647 | D90: =IF(Excel_jumia_dataset3[[#This Row],[Current Price]]="","Missing",IF(Excel_jumia_dataset3[[#This Row],[Current Price]]<Data_Analysis!$B$21,"Low Price",IF(Excel_jumia_dataset3[[#This Row],[Current Price]]<Data_Analysis!$B$22,"Medium Price","High Price"))) -> Low Price | E90: =Excel_jumia_dataset3[[#This Row],[Old Price]]-Excel_jumia_dataset3[[#This Row],[Current Price]] -> 317 | F90: 0.49 | G90: =IF(F90<20%,"Low Discount",IF(F90<=40%,"Medium Discount", "High Discount")) -> High Discount | H90: 1 | I90: 4 | J90: =IF(ISBLANK(I90),"",IF(I90<3,"Poor",IF(I90>=4.5,"Excellent","Average"))) -> Average
A91: Outdoor Portable Water Bottle With Medicine Box - 600ML - Black | B91: 799 | C91: 900 | D91: =IF(Excel_jumia_dataset3[[#This Row],[Current Price]]="","Missing",IF(Excel_jumia_dataset3[[#This Row],[Current Price]]<Data_Analysis!$B$21,"Low Price",IF(Excel_jumia_dataset3[[#This Row],[Current Price]]<Data_Analysis!$B$22,"Medium Price","High Price"))) -> Medium Price | E91: =Excel_jumia_dataset3[[#This Row],[Old Price]]-Excel_jumia_dataset3[[#This Row],[Current Price]] -> 101 | F91: 0.11 | G91: =IF(F91<20%,"Low Discount",IF(F91<=40%,"Medium Discount", "High Discount")) -> Low Discount | J91: Not Provided
A92: Wall Mount Automatic Toothpaste Dispenser Toothbrush Holder Toothpaste Squeezer | B92: 1526 | C92: 1660 | D92: =IF(Excel_jumia_dataset3[[#This Row],[Current Price]]="","Missing",IF(Excel_jumia_dataset3[[#This Row],[Current Price]]<Data_Analysis!$B$21,"Low Price",IF(Excel_jumia_dataset3[[#This Row],[Current Price]]<Data_Analysis!$B$22,"Medium Price","High Price"))) -> Medium Price | E92: =Excel_jumia_dataset3[[#This Row],[Old Price]]-Excel_jumia_dataset3[[#This Row],[Current Price]] -> 134 | F92: 0.08 | G92: =IF(F92<20%,"Low Discount",IF(F92<=40%,"Medium Discount", "High Discount")) -> Low Discount | J92: Not Provided
A93: Metal Wall Clock Silver Dial Crystal Jewelry Round Home Decoration Wall Clock | B93: 3546 | C93: 3699 | D93: =IF(Excel_jumia_dataset3[[#This Row],[Current Price]]="","Missing",IF(Excel_jumia_dataset3[[#This Row],[Current Price]]<Data_Analysis!$B$21,"Low Price",IF(Excel_jumia_dataset3[[#This Row],[Current Price]]<Data_Analysis!$B$22,"Medium Price","High Price"))) -> High Price | E93: =Excel_jumia_dataset3[[#This Row],[Old Price]]-Excel_jumia_dataset3[[#This Row],[Current Price]] -> 153 | F93: 0.04 | G93: =IF(F93<20%,"Low Discount",IF(F93<=40%,"Medium Discount", "High Discount")) -> Low Discount | J93: Not Provided
A94: Cushion Silicone Butt Cushion Summer Ice Cushion Honeycomb Gel Cushion | B94: 1732 | C94: 1799 | D94: =IF(Excel_jumia_dataset3[[#This Row],[Current Price]]="","Missing",IF(Excel_jumia_dataset3[[#This Row],[Current Price]]<Data_Analysis!$B$21,"Low Price",IF(Excel_jumia_dataset3[[#This Row],[Current Price]]<Data_Analysis!$B$22,"Medium Price","High Price"))) -> High Price | E94: =Excel_jumia_dataset3[[#This Row],[Old Price]]-Excel_jumia_dataset3[[#This Row],[Current Price]] -> 67 | F94: 0.04 | G94: =IF(F94<20%,"Low Discount",IF(F94<=40%,"Medium Discount", "High Discount")) -> Low Discount | J94: Not Provided
A95: Multi-purpose Rice Drainage Basket And Fruit And Vegetable Drainage Sieve | B95: 1459 | C95: 1499 | D95: =IF(Excel_jumia_dataset3[[#This Row],[Current Price]]="","Missing",IF(Excel_jumia_dataset3[[#This Row],[Current Price]]<Data_Analysis!$B$21,"Low Price",IF(Excel_jumia_dataset3[[#This Row],[Current Price]]<Data_Analysis!$B$22,"Medium Price","High Price"))) -> Medium Price | E95: =Excel_jumia_dataset3[[#This Row],[Old Price]]-Excel_jumia_dataset3[[#This Row],[Current Price]] -> 40 | F95: 0.03 | G95: =IF(F95<20%,"Low Discount",IF(F95<=40%,"Medium Discount", "High Discount")) -> Low Discount | J95: Not Provided
A96: Shower Nozzle Cleaning Unclogging Needle Mini Crevice Small Hole Cleaning Brush | B96: 1658 | C96: 1699 | D96: =IF(Excel_jumia_dataset3[[#This Row],[Current Price]]="","Missing",IF(Excel_jumia_dataset3[[#This Row],[Current Price]]<Data_Analysis!$B$21,"Low Price",IF(Excel_jumia_dataset3[[#This Row],[Current Price]]<Data_Analysis!$B$22,"Medium Price","High Price"))) -> Medium Price | E96: =Excel_jumia_dataset3[[#This Row],[Old Price]]-Excel_jumia_dataset3[[#This Row],[Current Price]] -> 41 | F96: 0.02 | G96: =IF(F96<20%,"Low Discount",IF(F96<=40%,"Medium Discount", "High Discount")) -> Low Discount | J96: Not Provided
A97: 380ML USB Rechargeable Portable Small Blenders And Juicers | B97: 1000 | C97: 2000 | D97: =IF(Excel_jumia_dataset3[[#This Row],[Current Price]]="","Missing",IF(Excel_jumia_dataset3[[#This Row],[Current Price]]<Data_Analysis!$B$21,"Low Price",IF(Excel_jumia_dataset3[[#This Row],[Current Price]]<Data_Analysis!$B$22,"Medium Price","High Price"))) -> Medium Price | E97: =Excel_jumia_dataset3[[#This Row],[Old Price]]-Excel_jumia_dataset3[[#This Row],[Current Price]] -> 1000 | F97: 0.5 | G97: =IF(F97<20%,"Low Discount",IF(F97<=40%,"Medium Discount", "High Discount")) -> High Discount | H97: 7 | I97: 2.3 | J97: =IF(ISBLANK(I97),"",IF(I97<3,"Poor",IF(I97>=4.5,"Excellent","Average"))) -> Poor
A98: Pen Grips For Kids Pen Grip Posture Correction Tool For Kids | B98: 1660 | C98: 1699 | D98: =IF(Excel_jumia_dataset3[[#This Row],[Current Price]]="","Missing",IF(Excel_jumia_dataset3[[#This Row],[Current Price]]<Data_Analysis!$B$21,"Low Price",IF(Excel_jumia_dataset3[[#This Row],[Current Price]]<Data_Analysis!$B$22,"Medium Price","High Price"))) -> Medium Price | E98: =Excel_jumia_dataset3[[#This Row],[Old Price]]-Excel_jumia_dataset3[[#This Row],[Current Price]] -> 39 | F98: 0.02 | G98: =IF(F98<20%,"Low Discount",IF(F98<=40%,"Medium Discount", "High Discount")) -> Low Discount | J98: Not Provided
A99: Wall-mounted Sticker Punch-free Plug Fixer | B99: 450 | C99: 900 | D99: =IF(Excel_jumia_dataset3[[#This Row],[Current Price]]="","Missing",IF(Excel_jumia_dataset3[[#This Row],[Current Price]]<Data_Analysis!$B$21,"Low Price",IF(Excel_jumia_dataset3[[#This Row],[Current Price]]<Data_Analysis!$B$22,"Medium Price","High Price"))) -> Low Price | E99: =Excel_jumia_dataset3[[#This Row],[Old Price]]-Excel_jumia_dataset3[[#This Row],[Current Price]] -> 450 | F99: 0.5 | G99: =IF(F99<20%,"Low Discount",IF(F99<=40%,"Medium Discount", "High Discount")) -> High Discount | H99: 1 | I99: 2 | J99: =IF(ISBLANK(I99),"",IF(I99<3,"Poor",IF(I99>=4.5,"Excellent","Average"))) -> Poor
A100: Shower Cap Wide Elastic Band Cover Reusable Bashroom Cap | B100: 2132 | C100: 2169 | D100: =IF(Excel_jumia_dataset3[[#This Row],[Current Price]]="","Missing",IF(Excel_jumia_dataset3[[#This Row],[Current Price]]<Data_Analysis!$B$21,"Low Price",IF(Excel_jumia_dataset3[[#This Row],[Current Price]]<Data_Analysis!$B$22,"Medium Price","High Price"))) -> High Price | E100: =Excel_jumia_dataset3[[#This Row],[Old Price]]-Excel_jumia_dataset3[[#This Row],[Current Price]] -> 37 | F100: 0.02 | G100: =IF(F100<20%,"Low Discount",IF(F100<=40%,"Medium Discount", "High Discount")) -> Low Discount | J100: Not Provided
...

Sheet Data_Analysis
A1: Descriptive Statistics
A2: Description | B2: Value
A3: Total Products | B3: =COUNTA(Excel_jumia_dataset3[Product]) -> 112
A4: Average Current Price of Product | B4: =AVERAGE(Excel_jumia_dataset3[Current Price]) -> 1186.8929
A5: Average Old Price of Products | B5: =AVERAGE(Excel_jumia_dataset3[Old Price]) -> 1811.1071
A6: Average discount percentage | B6: =AVERAGE(Excel_jumia_dataset3[Discount]) -> 0.36776786
A7: Average Product Rating | B7: =AVERAGE(Excel_jumia_dataset3[Rating]) -> 3.8894737
A8: Total Number of Products | B8: =COUNTA(Excel_jumia_dataset3[Product]) -> 112
A9: Total Number of Reviews | B9: =SUM(Excel_jumia_dataset3[Review]) -> 723
A10: Most Expensive Product by Value | B10: =MAX(Excel_jumia_dataset3[Current Price]) -> 3750
A11: Most Expensive Product | B11: =_xlfn.XLOOKUP(MAX(Excel_jumia_dataset3[Current Price]),Excel_jumia_dataset3[Current Price],Excel_jumia_dataset3[Product]) -> 32PCS Portable Cordless Drill Set With Cyclic Battery Drive -26 Variable Speed
A12: Least Expensive Product by Value | B12: =MIN(Excel_jumia_dataset3[Current Price]) -> 38
A13: Least Expensive Products | B13: =_xlfn.XLOOKUP(MIN(Excel_jumia_dataset3[Current Price]),Excel_jumia_dataset3[Current Price],Excel_jumia_dataset3[Product]) -> 3PCS Single Head Knitting Crochet Sweater Needle Set
A15: Trend Analysis (Correlation)
A16: Does a higher discount percentage result in more customer reviews (Discount vs Review) | B16: =CORREL(Excel_jumia_dataset3[Discount],Excel_jumia_dataset3[Review]) -> -0.13682272 | C16: No
A17: Do highly rated products receive more customer reviews (Rating vs Review) | B17: =CORREL(Cleaned_Data!I3:I113,Cleaned_Data!H3:H113) -> 0.057209035 | C17: Slight
A18: Are expensive products rated higher than cheaper products (Current Proce vs Rating) | B18: =CORREL(Excel_jumia_dataset3[Current Price],Excel_jumia_dataset3[Rating]) -> 0.11009021 | C18: Slight
A20: Price Category
A21: Price_Q1 | B21: =_xlfn.QUARTILE.INC(Excel_jumia_dataset3[Current Price],1) -> 493
A22: Price_Q2 | B22: =_xlfn.QUARTILE.INC(Excel_jumia_dataset3[Current Price],3) -> 1669.5
A24: Identify the top 5 products with the highest ratings.
A25: Products | B25: Rating | C25: Reviews | D25: Current Price
A26: Anti-Skid Absorbent Insulation Coaster For Home Office | B26: 5 | C26: 2 | D26: 332 | K26: Excellent
A27: Peacock Throw Pillow Cushion Case For Home Car | B27: 5 | C27: 2 | D27: 195 | K27: Excellent
A28: LASA Aluminum Folding Truck Hand Cart - 68kg Max | B28: 5 | C28: 3 | D28: 2025 | K28: Excellent
A29: DIY File Folder, Office Drawer File Holder, Pen Holder, Desktop Storage Rack | B29: 5 | C29: 1 | D29: 1620 | K29: Excellent
A30: Classic Black Cat Cotton Hemp Pillow Case For Home Car | B30: 5 | C30: 2 | D30: 171 | K30: Excellent
A32: Identify the top 5 producs with the lowest ratings
A33: Products | B33: Rating | C33: Reviews | D33: Current Price
A34: DIY File Folder, Office Drawer File Holder, Pen Holder, Desktop Storage Rack | B34: 2 | C34: 1 | D34: 450
A35: Bedroom Simple Floor Hanging Clothes Rack Single Pole Hat Rack - White | B35: 2.1 | C35: 7 | D35: 1570
A36: Household Pineapple Peeler Peeler | B36: 2.1 | C36: 13 | D36: 2115
A37: Memory Foam Neck Pillow Cover, With Pillow Core - 50*30cm | B37: 2.2 | C37: 6 | D37: 990
A38: Wall-mounted Sticker Punch-free Plug Fixer | B38: 2.2 | C38: 6 | D38: 968
A40: Seller Performance Analysis
A41: Strong Customer Demans vs Reviews | B41: The ones with the highest reviews.
A42: Product | B42: Reviews
A43: 120W Cordless Vacuum Cleaners Handheld Electric Vacuum Cleaner | B43: 69
A44: 137 Pieces Cake Decorating Tool Set Baking Supplies | B44: 55
A45: Electronic Digital Display Vernier Caliper | B45: 49
A46: 3D Waterproof EVA Plastic Shower Curtain 1.8*2Mtrs | B46: 44
A47: 100 Pcs Crochet Hook Tool Set Knitting Hook Set With Box | B47: 39
A49: Products requiring better pricing or marketing strategies? | B49: The ones with the lowest reviews; some have high ratings; all fall under high discount category
A50: Product | B50: Reviews | C50: Discount | D50: Discount Amount | E50: Rating | F50: Discount Category
A51: Wall-mounted Sticker Punch-free Plug Fixer | B51: 1 | C51: 0.5 | D51: 450 | E51: 2 | F51: High
A52: Memory Foam Neck Pillow Cover, With Pillow Core - 50*30cm | B52: 1 | C52: 0.46 | D52: 1010 | E52: 3 | F52: High
A53: Household Pineapple Peeler Peeler | B53: 1 | C53: 0.49 | D53: 317 | E53: 4 | F53: High
A54: DIY File Folder, Office Drawer File Holder, Pen Holder, Desktop Storage Rack | B54: 1 | C54: 0.4 | D54: 1070 | E54: 5 | F54: High
A55: Bedroom Simple Floor Hanging Clothes Rack Single Pole Hat Rack - White | B55: 1 | C55: 0.49 | D55: 941 | E55: 5 | F55: High
A57: High Reviews vs Average Ratings | B57: No, most have Excellent Ratings with High Rating Scores
A58: Product | B58: Reviews | C58: Rating Category | D58: Rating
A59: 120W Cordless Vacuum Cleaners Handheld Electric Vacuum Cleaner | B59: 69 | C59: Poor | D59: 2.8
A60: 137 Pieces Cake Decorating Tool Set Baking Supplies | B60: 55 | C60: Excellent | D60: 4.6
A61: Electronic Digital Display Vernier Caliper | B61: 49 | C61: Excellent | D61: 4.6
A62: 3D Waterproof EVA Plastic Shower Curtain 1.8*2Mtrs | B62: 44 | C62: Excellent | D62: 4.6
A63: 100 Pcs Crochet Hook Tool Set Knitting Hook Set With Box | B63: 39 | C63: Excellent | D63: 4.7
A65: High Discount + Low Engagement | B65: Some with the highest discounted amounts have poor ratings, average ratings and low reviews of up to 3.
A66: Product | B66: Discount Amount | C66: Discount | D66: Discount Category | E66: Review | F66: Rating | G66: Rating Category
A67: 5-PCS Stainless Steel Cooking Pot Set With Steamed Slices | B67: 2585 | C67: 0.55 | D67: High | E67: 13 | F67: 2.1 | G67: Poor
A68: LASA 3 Tier Bamboo Shoe Bench Storage Shelf | B68: 2452 | C68: 0.54 | D68: High | E68: 7 | F68: 4.3 | G68: Average
A69: 32PCS Portable Cordless Drill Set With Cyclic Battery Drive -26 Variable Speed | B69: 2393 | C69: 0.39 | D69: Medium | E69: 5 | F69: 3 | G69: Average
A70: LASA Aluminum Folding Truck Hand Cart - 68kg Max | B70: 1946 | C70: 0.49 | D70: High | E70: 3 | F70: 5 | G70: Excellent
A71: MultiFunctional Storage Rack Multi-layer Bookshelf | B71: 1880 | C71: 0.46 | D71: High
A72: LASA Stainless Steel Double Wall Mount Soap Dispenser - 500ml | B72: 1721 | C72: 0.38 | D72: Medium
A74: Seller / Product Performance Flags | B74: Count | C74: Rule | D74: Meaning
A75: Strong customer engagement | B75: 27 | C75: Reviews >= 8 | D75: Higher observed demand/interaction
A76: High discount + low rating | B76: 10 | C76: Discount >40% and Rating <3 | D76: Promotion may not solve satisfaction problems
A77: Many reviews + average rating | B77: 14 | C77: Reviews >=8 and Rating 3.0-4.5 | D77: Popular but customer experience can improve
A78: High discount + low engagement | B78: 50 | C78: Discount >40% and Reviews <8 | D78: Discount alone is not generating engagement

Sheet Product Categories
A2: Count of Product
A3: 112
A5: Rating Category | B5: Count of Product
A6: Average | B6: 22
A7: Excellent | B7: 23
A8: Not Provided | B8: 55
A9: Poor | B9: 12
A10: Grand Total | B10: 112
A13: Discount Category | B13: Count of Product
A14: High Discount | B14: 62
A15: Low Discount | B15: 18
A16: Medium Discount | B16: 32
A17: Grand Total | B17: 112
A19: Price Category | B19: Count of Product
A20: High Price | B20: 88
A21: Low Price | B21: 17
A22: Medium Price | B22: 7
A23: Grand Total | B23: 112
A26: Discount Category | B26: Sum of Review
A27: Medium Discount | B27: 351
A28: High Discount | B28: 334
A29: Low Discount | B29: 38
A30: Grand Total | B30: 723
A33: Price Category | B33: Count of Rating
A34: High Price | B34: 88
A35: Low Price | B35: 17
A36: Medium Price | B36: 7
A37: Grand Total | B37: 112

Sheet Product Performance
A2: Top 10 Products by Rating | B2: Average of Rating
A3: Classic Black Cat Cotton Hemp Pillow Case For Home Car | B3: 5
A4: LASA Aluminum Folding Truck Hand Cart - 68kg Max | B4: 5
A5: Konka Healty Electric Kettle, 24-hour Heat Preservation,1.5L,800W, White | B5: 5
A6: Anti-Skid Absorbent Insulation Coaster For Home Office | B6: 5
A7: Peacock Throw Pillow Cushion Case For Home Car | B7: 5
A8: Bedroom Simple Floor Hanging Clothes Rack Single Pole Hat Rack - White | B8: 5
A9: DIY File Folder, Office Drawer File Holder, Pen Holder, Desktop Storage Rack | B9: 5
A10: LASA FOLDING TABLE SERVING STAND | B10: 4.8
A11: Portable Home Small Air Humidifier 3-Speed Fan - Green | B11: 4.8
A12: 40cm Gold DIY Acrylic Wall Sticker Clock | B12: 4.8
A13: Grand Total | B13: 4.94
A16: Top 10 Products by Number of Reviews | B16: Sum of Review
A17: 120W Cordless Vacuum Cleaners Handheld Electric Vacuum Cleaner | B17: 69
A18: 137 Pieces Cake Decorating Tool Set Baking Supplies | B18: 55
A19: Electronic Digital Display Vernier Caliper | B19: 49
A20: 3D Waterproof EVA Plastic Shower Curtain 1.8*2Mtrs | B20: 44
A21: 100 Pcs Crochet Hook Tool Set Knitting Hook Set With Box | B21: 39
A22: Punch-free Great Load Bearing Bathroom Storage Rack Wall Shelf-White | B22: 36
A23: 53 Pieces/Set Yarn Knitting Crochet Hooks With Bag - Pansies | B23: 32
A24: Portable Mini Cordless Car Vacuum Cleaner - Blue | B24: 24
A25: 52 Pieces Cake Decorating Tool Set Gift Kit Baking Supplies | B25: 20
A26: 53Pcs/Set Yarn Knitting Crochet Hooks With Bag - Fortune Cat | B26: 20
A27: Grand Total | B27: 388
A29: Row Labels | B29: Average of Discount
A30: 6 In 1 Bottle Can Opener Multifunctional Easy Opener | B30: 0.64
A31: LASA FOLDING TABLE SERVING STAND | B31: 0.55
A32: 5-PCS Stainless Steel Cooking Pot Set With Steamed Slices | B32: 0.55
A33: Creative Owl Shape Keychain Black | B33: 0.55
A34: LASA 3 Tier Bamboo Shoe Bench Storage Shelf | B34: 0.54
A35: Mythco 120COB Solar Wall Ligt With Motion Sensor And Remote Control 3 Modes | B35: 0.54
A36: Classic Black Cat Cotton Hemp Pillow Case For Home Car | B36: 0.53
A37: 3PCS Single Head Knitting Crochet Sweater Needle Set | B37: 0.53
A38: Exfoliate And Exfoliate Face Towel - Black | B38: 0.52
A39: Intelligent LED Body Sensor Wireless Lighting Night Light USB | B39: 0.52
A40: Grand Total | B40: 0.54727273

Sheet Trend Analysis

Sheet Dashboard

Sheet Data_Dictionary
A1: Issue | B1: Columns/Rows Affected | C1: Decision | D1: Reason
A2: Duplicates | B2: Column A | C2: Remove Duplicates using the data tools
A3: Discount Amount not provided | B3: Columns B and C | C3: Include a column to for the discount amount | D3: It will be important in our analysis
A4: Discount presented in decimal point | B4: Column E | C4: Convert to rate
A5: Reviews presented as negative | B5: Column F | C5: Remove the -ve sign by replacing with blank
A6: Ratings include out of 5 | B6: Column G | C6: Replace out of 5 with blank (Ctrl H, Replace all)
A7: Rating Category
A8: The price range provided for one of the products | B8: Row 40 | C8: Delete (though I don't thnk we are supposed to delete any data items) | D8: Impossible to determine the price of the item
A10: Identified the top five products with the highest ratings using the sort function in descending order.
A11: Identified the top five products with the lowest ratings using the sort function; in ascending order.
A12: Strong Customer demand dependendent on high reviews
A13: Products the may require better pricing or marketing strategies - based on the least reviews.
A14: The Ratings and Reviews columns that are blank, could be missing data due to data collection errors, but also; a lot of people do not leave reviews/ratings for products
A15: Used Scatter charts to show the relationships in the trend analysis section
